name,instance,run_id,test_organization/macro_types/precision,test_time/macro_types/f1,test_military/macro_types/f1,test_park/macro_types/recall,test_person-coach/macro_types/f1,test_event-election/macro_types/f1,test_building-hospital/macro_types/f1,test_event-protest/macro_types/recall,test_organization-company/macro_types/f1,test_event-military_conflict/macro_types/precision,test_body_part/macro_types/precision,test_geography-island/macro_types/f1,test_geography/macro_types/precision,test_transportation/macro_types/recall,test_product-camera/macro_types/precision,test_broadcast_program/macro_types/precision,test_award/macro_types/recall,test_location/macro_types/recall,test_education/macro_types/recall,test_building-hotel/macro_types/f1,test_person-soldier/macro_types/recall,test_person-engineer/macro_types/precision,test_train/macro_types/f1,test_person-athlete/macro_types/f1,test_person-soldier/macro_types/f1,test_geography-glacier/macro_types/f1,test_location-bridge/macro_types/recall,test_organization-terrorist_organization/macro_types/recall,test_organization-educational_institution/macro_types/f1,test_medicine/macro_types/recall,test_building-library/macro_types/f1,test_government_agency/macro_types/f1,test_geography-glacier/macro_types/recall,test_building-hospital/macro_types/precision,test_government_agency/macro_types/precision,test_computer-algorithm/macro_types/precision,test_rail/macro_types/f1,test_biology/macro_types/recall,test_person-engineer/macro_types/f1,test_people-ethnicity/macro_types/precision,test_law/macro_types/recall,test_transit/macro_types/precision,test_organization-sports_team/macro_types/recall,test_organization-sports_league/macro_types/recall,test_building-sports_facility/macro_types/precision,test_news_agency/macro_types/f1,test_building/macro_types/recall,test_government_agency/macro_types/recall,test/macro_example/f1,test_law/macro_types/f1,test_people/macro_types/recall,test_rail/macro_types/precision,test_medicine-drug/macro_types/f1,test_broadcast/macro_types/precision,test_geography-island/macro_types/recall,test_computer-programming_language/macro_types/f1,test_park/macro_types/f1,test_person-monarch/macro_types/recall,test_building-restaurant/macro_types/f1,test_person-musician/macro_types/recall,test_metropolitan_transit/macro_types/recall,test_chemistry/macro_types/f1,test_location-city/macro_types/f1,test_product-weapon/macro_types/f1,test_building-airport/macro_types/recall,test_person-terrorist/macro_types/precision,test_product-spacecraft/macro_types/precision,test/macro_types/f1,test_organization/macro_types/f1,test_person-artist/macro_types/recall,test_event-election/macro_types/recall,test_product-ship/macro_types/f1,test_location/macro_types/precision,test_product-engine_device/macro_types/f1,test_organization-sports_league/macro_types/precision,test_religion/macro_types/precision,test_biology/macro_types/f1,test_play/macro_types/recall,test_god/macro_types/precision,test_military/macro_types/recall,test_livingthing/macro_types/recall,test_building-theater/macro_types/f1,test_living_thing-animal/macro_types/f1,test_product-mobile_phone/macro_types/precision,test_event-natural_disaster/macro_types/precision,test/micro/f1,test_software/macro_types/precision,test_finance-stock_exchange/macro_types/f1,test_location-bridge/macro_types/precision,test_person/macro_types/f1,test_finance/macro_types/recall,test_location-bridge/macro_types/f1,test_education/macro_types/precision,test_product-instrument/macro_types/f1,test_building-power_station/macro_types/f1,test_computer/macro_types/f1,test_time/macro_types/precision,test_religion/macro_types/recall,test_medicine-symptom/macro_types/f1,test_person-terrorist/macro_types/recall,test_government-government/macro_types/f1,test_metropolitan_transit-transit_line/macro_types/f1,test_game/macro_types/f1,test_broadcast/macro_types/f1,test_living_thing/macro_types/f1,test_building-theater/macro_types/precision,test_event-military_conflict/macro_types/recall,test_language/macro_types/recall,test_person-director/macro_types/f1,test_location-country/macro_types/f1,test_news_agency/macro_types/precision,test_organization-airline/macro_types/f1,test_internet/macro_types/f1,test_language/macro_types/precision,test_medicine-drug/macro_types/recall,test_religion-religion/macro_types/f1,test_visual_art-color/macro_types/recall,test_building-sports_facility/macro_types/f1,test_finance-stock_exchange/macro_types/recall,test_organization-fraternity_sorority/macro_types/f1,test_government/macro_types/recall,test_chemistry/macro_types/precision,test_transportation-road/macro_types/f1,test_person-athlete/macro_types/precision,test_location-body_of_water/macro_types/f1,test_building-library/macro_types/precision,test_building-power_station/macro_types/recall,test_language/macro_types/f1,test_newspaper/macro_types/f1,test_medicine/macro_types/precision,test_product-computer/macro_types/recall,test_product-weapon/macro_types/precision,test_product-engine_device/macro_types/recall,test_organization-fraternity_sorority/macro_types/recall,test_product-airplane/macro_types/recall,test_park/macro_types/precision,test_person/macro_types/precision,test_person-actor/macro_types/recall,test_product-spacecraft/macro_types/f1,test_building-dam/macro_types/precision,test_event-protest/macro_types/precision,test_geography-island/macro_types/precision,test_computer-programming_language/macro_types/precision,threshold,test/macro_example/recall,test_title/macro_types/f1,test_chemistry/macro_types/recall,test_event-protest/macro_types/f1,test_product-ship/macro_types/recall,test_computer-algorithm/macro_types/recall,test_event-terrorist_attack/macro_types/recall,test_event/macro_types/recall,test_product/macro_types/precision,test_rail-railway/macro_types/recall,test_person-director/macro_types/recall,test_location-province/macro_types/recall,test_location-country/macro_types/precision,test_education-educational_degree/macro_types/precision,test_metropolitan_transit-transit_line/macro_types/precision,test_organization-airline/macro_types/precision,test_train/macro_types/precision,test_visual_art/macro_types/recall,test_person-author/macro_types/recall,test_building-library/macro_types/recall,test_building-airport/macro_types/precision,test_geography-mountain/macro_types/precision,test_organization-company/macro_types/precision,test/macro_types/precision,test_transit/macro_types/f1,test_news_agency/macro_types/recall,test_astral_body/macro_types/precision,test_broadcast_network/macro_types/precision,test_location-province/macro_types/precision,test_building-sports_facility/macro_types/recall,test_location-body_of_water/macro_types/recall,test_people/macro_types/f1,test_education/macro_types/f1,test_train/macro_types/recall,test_finance/macro_types/precision,test_religion-religion/macro_types/recall,test_product-instrument/macro_types/recall,test_broadcast-tv_channel/macro_types/recall,test_product-engine_device/macro_types/precision,test_food/macro_types/f1,test_person-coach/macro_types/recall,test_location-city/macro_types/recall,test_medicine-drug/macro_types/precision,test_computer-programming_language/macro_types/recall,test_organization-terrorist_organization/macro_types/precision,test_art/macro_types/f1,test_medicine/macro_types/f1,test_award/macro_types/precision,test_building-dam/macro_types/recall,test_person-coach/macro_types/precision,test_visual_art-color/macro_types/precision,test_event-natural_disaster/macro_types/recall,test_living_thing/macro_types/recall,test_product-computer/macro_types/f1,test_product-mobile_phone/macro_types/f1,test_time/macro_types/recall,test_law/macro_types/precision,test_product-car/macro_types/f1,test_building/macro_types/precision,test_person-athlete/macro_types/recall,test_location-county/macro_types/recall,test_people-ethnicity/macro_types/recall,test_finance-currency/macro_types/precision,test_medicine-medical_treatment/macro_types/f1,test_medicine-medical_treatment/macro_types/precision,test_transportation-road/macro_types/precision,test_music/macro_types/recall,test_astral_body/macro_types/f1,test_livingthing/macro_types/f1,test_product-car/macro_types/recall,test_location-city/macro_types/precision,test_person-artist/macro_types/precision,test_education-department/macro_types/precision,test_person-religious_leader/macro_types/precision,test_event-military_conflict/macro_types/f1,test_person/macro_types/recall,test_disease/macro_types/recall,test_biology/macro_types/precision,test_internet/macro_types/precision,test_person-doctor/macro_types/recall,test_building-hotel/macro_types/recall,test_written_work/macro_types/precision,test_organization-airline/macro_types/recall,test_government-government/macro_types/precision,test_product-car/macro_types/precision,test_broadcast_network/macro_types/recall,test_metropolitan_transit-transit_line/macro_types/recall,test_food/macro_types/precision,test_broadcast/macro_types/recall,test_broadcast_network/macro_types/f1,test_product-camera/macro_types/recall,test_person-doctor/macro_types/precision,test_location-cemetery/macro_types/precision,test_government-political_party/macro_types/recall,test_music/macro_types/precision,test_internet-website/macro_types/f1,test_visual_art/macro_types/precision,test_event-natural_disaster/macro_types/f1,test_living_thing-animal/macro_types/recall,test_transportation-road/macro_types/recall,test_organization-terrorist_organization/macro_types/f1,test_food/macro_types/recall,test_religion/macro_types/f1,test_event-sports_event/macro_types/f1,test_building-theater/macro_types/recall,test_internet-website/macro_types/recall,test_event-sports_event/macro_types/precision,test/micro/precision,test_art/macro_types/recall,test_body_part/macro_types/f1,test_product-airplane/macro_types/f1,test_government/macro_types/precision,test_person-politician/macro_types/f1,test_organization-sports_league/macro_types/f1,test_geography/macro_types/recall,test_art-film/macro_types/precision,test_location-county/macro_types/f1,test_medicine-medical_treatment/macro_types/recall,test_geography-glacier/macro_types/precision,test/macro_example/precision,test_visual_art/macro_types/f1,test_transit/macro_types/recall,test_disease/macro_types/precision,test_newspaper/macro_types/precision,test_building-dam/macro_types/f1,test_event/macro_types/precision,test_person-musician/macro_types/f1,test_broadcast-tv_channel/macro_types/f1,test_person-politician/macro_types/precision,test_product/macro_types/f1,test_product/macro_types/recall,test_finance-currency/macro_types/f1,test_product-spacecraft/macro_types/recall,test_computer/macro_types/recall,test_internet/macro_types/recall,test_product-weapon/macro_types/recall,test_product-instrument/macro_types/precision,epoch,test_person-actor/macro_types/f1,test_product-airplane/macro_types/precision,test_person-religious_leader/macro_types/recall,test_government-political_party/macro_types/precision,test_organization-educational_institution/macro_types/recall,test_game/macro_types/recall,test_game/macro_types/precision,test_transportation/macro_types/f1,test_person-musician/macro_types/precision,test_person-religious_leader/macro_types/f1,test_product-computer/macro_types/precision,test_body_part/macro_types/recall,test_building-airport/macro_types/f1,test_metropolitan_transit/macro_types/f1,test_person-soldier/macro_types/precision,test_broadcast-tv_channel/macro_types/precision,test_building/macro_types/f1,test_art/macro_types/precision,test_product-ship/macro_types/precision,test_organization-sports_team/macro_types/f1,test_religion-religion/macro_types/precision,test_government-political_party/macro_types/f1,test_location-body_of_water/macro_types/precision,test_person-architect/macro_types/precision,test_art-film/macro_types/f1,test_government/macro_types/f1,test_astral_body/macro_types/recall,test_event-attack/macro_types/precision,test_person-actor/macro_types/precision,test_location-country/macro_types/recall,test_event-election/macro_types/precision,test_government-government/macro_types/recall,test_organization-fraternity_sorority/macro_types/precision,test_god/macro_types/f1,test_title/macro_types/precision,test_rail-railway/macro_types/precision,test_broadcast_program/macro_types/recall,test_geography-mountain/macro_types/recall,test_finance/macro_types/f1,test_person-monarch/macro_types/f1,test_military/macro_types/precision,test_location-province/macro_types/f1,test_livingthing/macro_types/precision,test_person-engineer/macro_types/recall,test_education-department/macro_types/f1,test_people-ethnicity/macro_types/f1,test_person-terrorist/macro_types/f1,test_person-architect/macro_types/recall,test_person-politician/macro_types/recall,test_transportation/macro_types/precision,test_building-power_station/macro_types/precision,test_event/macro_types/f1,test_music/macro_types/f1,test_disease/macro_types/f1,test_newspaper/macro_types/recall,test_finance-currency/macro_types/recall,test_person-director/macro_types/precision,test_education-educational_degree/macro_types/f1,test_building-hotel/macro_types/precision,test_play/macro_types/f1,test_rail/macro_types/recall,test_geography/macro_types/f1,test_rail-railway/macro_types/f1,test_organization/macro_types/recall,test_written_work/macro_types/recall,test_medicine-symptom/macro_types/recall,test_event-terrorist_attack/macro_types/f1,test_medicine-symptom/macro_types/precision,test_metropolitan_transit/macro_types/precision,test_education-educational_degree/macro_types/recall,test_computer-algorithm/macro_types/f1,test/micro/recall,test_award/macro_types/f1,test_god/macro_types/recall,test_title/macro_types/recall,test_event-attack/macro_types/f1,test_person-artist/macro_types/f1,test_event-attack/macro_types/recall,test_internet-website/macro_types/precision,test_education-department/macro_types/recall,test_organization-company/macro_types/recall,test_event-terrorist_attack/macro_types/precision,test_building-hospital/macro_types/recall,test_software/macro_types/f1,test_person-author/macro_types/f1,test_person-doctor/macro_types/f1,test_visual_art-color/macro_types/f1,test_broadcast_program/macro_types/f1,test_location-cemetery/macro_types/f1,test_geography-mountain/macro_types/f1,test_building-restaurant/macro_types/precision,test_living_thing/macro_types/precision,test_person-monarch/macro_types/precision,test_location-county/macro_types/precision,test_play/macro_types/precision,test_software/macro_types/recall,test_product-camera/macro_types/f1,test_event-sports_event/macro_types/recall,test_building-restaurant/macro_types/recall,test_location/macro_types/f1,test_location-cemetery/macro_types/recall,test_living_thing-animal/macro_types/precision,test_organization-sports_team/macro_types/precision,test_art-film/macro_types/recall,test_computer/macro_types/precision,test_person-architect/macro_types/f1,test_product-mobile_phone/macro_types/recall,test_organization-educational_institution/macro_types/precision,test/macro_types/recall,test_written_work/macro_types/f1,test_people/macro_types/precision,test_person-author/macro_types/precision,test_finance-stock_exchange/macro_types/precision
ontonotes_shimaoka_L2AWE_adapter_bert_ms,2,smtz3t8b,0.875,0.9387754797935486,1.0,0,1.0,0,0.6666666865348816,0,0.4871795177459717,0,0,0,0,0.75,0,0,0,0.8627451062202454,0.20000000298023224,0,0,0,0,0.5142857432365417,0,0,0,0,0.9166666269302368,1,0,0.75,0,1.0,0.75,0,0,0,0,0.3571428656578064,1.0,0,0.9354838728904724,1.0,1.0,0.5333333611488342,0.8823529481887817,0.75,0.7341036796569824,0.800000011920929,1,0,0,0,0,0,0,0,0,0,0,0,0.7173913717269897,0,0,0,0,0.21900787949562073,0.8855421543121338,0.5,0,0,0.5176470875740051,0,1.0,0,0,0,0,1,0.0,0,0,0,0,0.705246090888977,0,0,0,0.8099547624588013,0,0,1.0,0,0,0,1,0,0.0,0,0.13333334028720856,0,0,0,0.0,0,0,0,0,0.8695651888847351,0.3636363744735718,0,1.0,0,0,0,0,1.0,0,0,1,0,0.6666666865348816,0.375,0,0,0,0,0,1.0,0,0,0,0,0,0,0.9040403962135316,0,0,0,0,0,0,0.41,0.7759621143341064,0.2857142984867096,0,0,0,0,0,0.375,0.0,0,0,0.8571428656578064,0.9090909361839294,1.0,0,0,0,0,0.0,0,0,0,0.3799999952316284,0.19625099003314972,0,1,0,0,0.6000000238418579,1.0,0,0.555555522441864,0.3333333134651184,0,0,0,0,0,0,0,1.0,0.8461538553237915,0,0,0,0.13333334028720856,1.0,0,0,1,0,0,0.0,0,0,0.8846153616905212,0.6666666865348816,0,0.75,0.8181818127632141,1,1,0,0.5,0.3333333432674408,0.6000000238418579,0,0,0.0,0,0.6226415038108826,0.10526315867900848,0,0,0,0.7336065769195557,0,0,1.0,0,0,0.3333333432674408,0,0.0714285746216774,0,0,0,0,0,0,0,0,0,0,0,1.0,0,0,0,0.75,0,0,0,0,0,1,0,0.6461843252182007,0.0714285746216774,0,0,0.0625,0.11764706671237946,1.0,0,0,0.4000000059604645,1,0,0.6965301036834717,0,0,0,0,0,0.30000001192092896,0,0,0.0833333358168602,0.0,0.0,0,0,0,1,0,0,27,0,0,0,0,0.95652174949646,0,0,0.6666666865348816,0,0,0,0,0,0,0,0,0.8108108639717102,1.0,0,0.90625,0,0,0,0,0,0.11764705926179886,0,0,0,0.8333333134651184,0,1,0,0,0.1666666716337204,0,0,0,0,0,1.0,0.7058824300765991,0,0,0,0.5263157486915588,0,0,0.20000000298023224,0.6000000238418579,0,0.3333333432674408,0,0,0,0,0,1.0,0,0,0,0,0,0.8963414430618286,0.4285714328289032,0.0,0,0,0,1,0,0.776190459728241,0,0,1,0,0.17391304671764374,0,1.0,0,0.6785714030265808,0,0.5,0,0.0,0,0,0,0,0,0,0,0,0.25,0,0,0,0,0,0.6470588445663452,0,0,0.8787878751754761,0,0,0,0,0.8799999952316284,0.24773475527763367,0.375,0.3846153914928436,0.0,0
ontonotes_shimaoka_L2AWE_adapter_bert_ms,1,14redzod,0.8097826242446899,0.6666666865348816,1.0,0,1.0,0,1.0,0,0.516853928565979,0,0,0,0,0.75,0,0,0,0.813725471496582,0.20000000298023224,0,0,0,0,0.4878048896789551,0,0,0,0,0.7333333492279053,1,0,0.75,0,1.0,0.75,0,0,0,0,0.3846153914928436,0.5,0,0.9032257795333862,1.0,1.0,0.5714285969734192,0.8235294222831726,0.75,0.7468870878219604,0.6666666865348816,1,0,0,0,0,0,0,0,0,0,0,0,0.8048780560493469,0,0,0,0,0.21909943222999573,0.8563219308853149,0.25,0,0,0.6058394312858582,0,1.0,0,0,0,0,1,0.0,0,0,0,0,0.7018827795982361,0,0,0,0.8495934009552002,0,0,1.0,0,0,0,1,0,0.0,0,0.125,0,0,0,0.0,0,0,0,0,0.8695651888847351,0.4000000059604645,0,1.0,0,0,0,0,1.0,0,0,1,0,0.6666666865348816,0.3333333432674408,0,0,0,0,0,1.0,0,0,0,0,0,0,0.8427419066429138,0,0,0,0,0,0,0.4,0.8068088293075562,0.2352941334247589,0,0,0,0,0,0.375,0.0,0,0,0.8571428656578064,0.9090909361839294,1.0,0,0,0,0,0.0,0,0,0,0.37704917788505554,0.1988062858581543,0,1,0,0,0.5454545617103577,1.0,0,0.5263157486915588,0.3333333134651184,0,0,0,0,0,0,0,1.0,0.8461538553237915,0,0,0,0.25,1.0,0,0,1,0,0,0.0,0,0,0.5,1.0,0,0.875,0.9090909361839294,1,1,0,0.5,0.3333333432674408,0.6000000238418579,0,0,0.0,0,0.7674418687820435,0.09090909361839294,0,0,0,0.8565573692321777,0,0,1.0,0,0,0.4000000059604645,0,0.06666667014360428,0,0,0,0,0,0,0,0,0,0,0,1.0,0,0,0,0.75,0,0,0,0,0,1,0,0.6259328126907349,0.1428571492433548,0,0,0.0625,0.1666666716337204,1.0,0,0,0.5,1,0,0.6952508091926575,0,0,0,0,0,0.1666666716337204,0,0,0.1428571492433548,0.0,0.0,0,0,0,1,0,0,43,0,0,0,0,0.95652174949646,0,0,0.6666666865348816,0,0,0,0,0,0,0,0,0.8484848737716675,1.0,0,0.9333333373069764,0,0,0,0,0,0.11764705926179886,0,0,0,0.8333333134651184,0,1,0,0,0.13333334028720856,0,0,0,0,0,1.0,0.6666666865348816,0,0,0,0.555555522441864,0,0,0.20000000298023224,0.6000000238418579,0,0.23076921701431272,0,0,0,0,0,1.0,0,0,0,0,0,0.9085366129875184,0.2857142984867096,0.0,0,0,0,1,0,0.7988095283508301,0,0,1,0,0.13333334028720856,0,1.0,0,0.8214285969734192,0,1.0,0,0.0,0,0,0,0,0,0,0,0,0.3333333432674408,0,0,0,0,0,0.6945606470108032,0,0,0.9655172228813172,0,0,0,0,0.5945945978164673,0.24400638043880463,0.3333333432674408,0.3571428656578064,0.0,0
ontonotes_shimaoka_L2AWE_adapter_bert_ms,0,1qe8aaoo,0.8969696760177612,0.9387754797935486,0.6666666865348816,0,0.0,0,0.800000011920929,0,0.5753424167633057,0,0,0,0,0.75,0,0,0,0.8627451062202454,0.20000000298023224,0,0,0,0,0.3404255211353302,0,0,0,0,0.7333333492279053,1,0,0.6666666865348816,0,0.6666666865348816,0.7142857313156128,0,0,0,0,0.3846153914928436,1.0,0,0.9354838728904724,1.0,1.0,0.5333333611488342,0.8823529481887817,0.625,0.7362034916877747,0.800000011920929,1,0,0,0,0,0,0,0,0,0,0,0,0.6804123520851135,0,0,0,0,0.20882077515125275,0.8996959924697876,0.25,0,0,0.523809552192688,0,1.0,0,0,0,0,1,0.0,0,0,0,0,0.6947477459907532,0,0,0,0.8305084109306335,0,0,1.0,0,0,0,1,0,0.6666666865348816,0,0.11764705926179886,0,0,0,0.0,0,0,0,0,0.9090909361839294,0.3636363744735718,0,0.800000011920929,0,0,0,0,1.0,0,0,1,0,0.6666666865348816,0.2222222238779068,0,0,0,0,0,1.0,0,0,0,0,0,0,0.859649121761322,0,0,0,0,0,0,0.39,0.8041445016860962,0.2222222238779068,0,0,0,0,0,0.5,1.0,0,0,0.7142857313156128,1.0,1.0,0,0,0,0,0.0,0,0,0,0.46666666865348816,0.18174049258232117,0,1,0,0,0.5,1.0,0,0.5882353186607361,0.3333333134651184,0,0,0,0,0,0,0,0.0,0.8461538553237915,0,0,0,0.0,1.0,0,0,0,0,0,0.0,0,0,0.8846153616905212,0.6666666865348816,0,0.6521739363670349,0.7272727489471436,1,1,0,0.5,0.3333333432674408,0.6000000238418579,0,0,0.0,0,0.568965494632721,0.07692307978868484,0,0,0,0.8032786846160889,0,0,0.6666666865348816,0,0,0.3333333432674408,0,0.0625,0,0,0,0,0,0,0,0,0,0,0,0.800000011920929,0,0,0,0.75,0,0,0,0,0,1,0,0.6168051958084106,0.0,0,0,0.0833333358168602,0.10526315867900848,1.0,0,0,0.6666666865348816,1,0,0.6788485050201416,0,0,0,0,0,0.21052631735801697,0,0,0.0714285746216774,0.4000000059604645,0.25,0,0,0,1,0,0,36,0,0,0,0,0.95652174949646,0,0,0.6666666865348816,0,0,0,0,0,0,0,0,0.7500000596046448,0.0,0,0.9354838728904724,0,0,0,0,0,0.1538461595773697,0,0,0,0.8333333134651184,0,1,0,0,0.125,0,0,0,0,0,0.5,0.5882353186607361,0,0,0,0.555555522441864,0,0,0.20000000298023224,0.6000000238418579,0,0.29629629850387573,0,0,0,0,0,1.0,0,0,0,0,0,0.9024389982223512,0.2857142984867096,0.5,0,1,0,1,0,0.7952380776405334,0,0,1,0,0.11764706671237946,0,0.6666666865348816,0,0.75,0,1.0,0,0.0,0,0,0,0,0,0,0,0,0.5,0,0,0,0,0,0.6518518328666687,0,0,0.9354838728904724,0,0,0,0,0.5945945978164673,0.2453843504190445,0.3076923191547394,0.4166666567325592,0.0,0
bbn_L2AWE_adapter_bert_ms,2,305p80mu,0.8021390438079834,0.8444444537162781,0.6666666865348816,0,1.0,0,1.0,0,0.4772726893424988,0,0,0,0,0.75,0,0,0,0.8627451062202454,1.0,0,0,0,0,0.3703703582286834,0,0,0,0,0.7457627058029175,1,0,0.6666666865348816,0,1.0,0.6000000238418579,0,0,0,0,0.4166666567325592,1.0,0,0.8064516186714172,1.0,1.0,0.4210526645183563,0.8823529481887817,0.75,0.705756425857544,0.800000011920929,1,0,0,0,0,0,0,0,0,0,0,0,0.8275862336158752,0,0,0,0,0.22134386003017423,0.8547008633613586,0.75,0,0,0.5116279125213623,0,0.8888888955116272,0,0,0,0,1,0.0,0,0,0,0,0.6703078746795654,0,0,0,0.8160676956176758,0,0,1.0,0,0,0,1,0,0.0,0,0.125,0,0,0,0.0,0,0,0,0,1.0,0.2666666805744171,0,1.0,0,0,0,0,1.0,0,0,1,0,0.6666666865348816,0.3125,0,0,0,0,0,0.75,0,0,0,0,0,0,0.8427947759628296,0,0,0,0,0,0,0.31,0.8038484454154968,0.2666666805744171,0,0,0,0,0,0.5,1.0,0,0,1.0,1.0,1.0,0,0,0,0,0.5,0,0,0,0.3499999940395355,0.1893460750579834,0,1,0,0,0.5,1.0,0,0.555555522441864,1.0,0,0,0,0,0,0,0,1.0,0.9230769276618958,0,0,0,0.222222238779068,0.8571428656578064,0,0,1,0,0,0.0,0,0,0.7307692170143127,0.6666666865348816,0,0.6818181872367859,0.4545454680919647,1,1,0,0.5,0.3333333432674408,0.6000000238418579,0,0,0.0,0,0.75,0.0535714291036129,0,0,0,0.7909836173057556,0,0,1.0,0,0,0.4285714328289032,0,0.06666667014360428,0,0,0,0,0,0,0,0,0,0,0,1.0,0,0,0,0.75,0,0,0,0,0,1,0,0.5749574303627014,0.1428571492433548,0,0,0.06666667014360428,0.11764706671237946,0.9411765336990356,0,0,0.5,1,0,0.629000723361969,0,0,0,0,0,0.2222222238779068,0,0,0.0833333358168602,0.4000000059604645,0.25,0,0,0,1,0,0,52,0,0,0,0,0.95652174949646,0,0,0.6666666865348816,0,0,0,0,0,0,0,0,0.7692307829856873,0.5,0,0.8620690107345581,0,0,0,0,0,0.125,0,0,0,1.0,0,1,0,0,0.1538461595773697,0,0,0,0,0,0.5,0.6666666865348816,0,0,0,0.5882353186607361,0,0,0.20000000298023224,0.6000000238418579,0,0.3076923191547394,0,0,0,0,0,1.0,0,0,0,0,0,0.9146341681480408,0.4285714328289032,0.0,0,0,0,1,0,0.8035714030265808,0,0,1,0,0.10000000149011612,0,1.0,0,0.75,0,1.0,0,0.0625,0,0,0,0,0,0,0,0,0.3333333432674408,0,0,0,0,0,0.642335832118988,0,0,0.92592591047287,0,0,0,0,0.6111111044883728,0.2663555443286896,0.4285714328289032,0.3846153914928436,0.03333333507180214,0
bbn_L2AWE_adapter_bert_ms,1,3db31aqs,0.8614457845687866,0.8444444537162781,0.75,0,1.0,0,1.0,0,0.4810126721858978,0,0,0,0,0.5,0,0,0,0.8921568393707275,1.0,0,0,0,0,0.4000000059604645,0,0,0,0,0.800000011920929,1,0,0.7058823108673096,0,1.0,0.6666666865348816,0,0,0,0,0.5,0.5,0,0.7419354915618896,1.0,1.0,0.888888955116272,0.8235294222831726,0.75,0.7245988249778748,0.5,1,0,0,0,0,0,0,0,0,0,0,0,0.7311827540397644,0,0,0,0,0.2186637669801712,0.8666666746139526,0.25,0,0,0.5055555701255798,0,0.8888888955116272,0,0,0,0,1,0.0,0,0,0,0,0.6979280710220337,0,0,0,0.7982261776924133,0,0,0.7142857313156128,0,0,0,1,0,0.0,0,0.13333334028720856,0,0,0,0.5,0,0,0,0,1.0,0.800000011920929,0,1.0,0,0,0,0,1.0,0,0,0,0,0.5714285373687744,0.4444444477558136,0,0,0,0,0,1.0,0,0,0,0,0,0,0.8695651888847351,0,0,0,0,0,0,0.48,0.762581467628479,0.2352941334247589,0,0,0,0,0,0.25,0.0,0,0,0.8571428656578064,1.0,1.0,0,0,0,0,0.0,0,0,0,0.3725490272045135,0.20270690321922305,0,1,0,0,0.5,1.0,0,0.6666666865348816,0.8333333730697632,0,0,0,0,0,0,0,1.0,0.8717948794364929,0,0,0,0.25,1.0,0,0,1,0,0,0.3333333432674408,0,0,0.7307692170143127,0.5,0,0.699999988079071,0.3636363744735718,1,1,0,0.5,0.3333333432674408,0.6666666865348816,0,0,0.0,0,0.6296296119689941,0.06666667014360428,0,0,0,0.7377049326896667,0,0,1.0,0,0,0.5,0,0.0714285746216774,0,0,0,0,0,0,0,0,0,0,0,1.0,0,0,0,0.5,0,0,0,0,0,1,0,0.6438632011413574,0.1428571492433548,0,0,0.0,0.1666666716337204,0.9411765336990356,0,0,0.5,1,0,0.6902203559875488,0,0,0,0,0,0.3333333432674408,0,0,0.1428571492433548,0.0,0.0,0,0,0,1,0,0,34,0,0,0,0,0.95652174949646,0,0,0.5714285373687744,0,0,0,0,0,0,0,0,0.7567567825317383,1.0,0,0.836363673210144,0,0,0,0,0,0.0,0,0,0,1.0,0,1,0,0,0.13333334028720856,0,0,0,0,0,0.6000000238418579,0.6315789222717285,0,0,0,0.6666666865348816,0,0,0.20000000298023224,0.6666666865348816,0,0.2857142686843872,0,0,0,0,0,1.0,0,0,0,0,0,0.8719512224197388,0.4285714328289032,0.0,0,0,0,1,0,0.761904776096344,0,0,1,0,0.10526316612958908,0,1.0,0,0.6785714030265808,0,1.0,0,0.0,0,0,0,0,0,0,1,0,0.3333333432674408,0,0,0,0,0,0.6453900933265686,0,0,0.9583333134651184,0,0,0,0,0.6875,0.23734748363494873,0.4615384638309479,0.5,0.0,0
bbn_L2AWE_adapter_bert_ms,0,1cok9cum,0.8514285683631897,0.7619048357009888,0.6666666865348816,0,1.0,0,1.0,0,0.5454545617103577,0,0,0,0,0.5,0,0,0,0.8823529481887817,1.0,1,0,0,0,0.320000022649765,0,0,0,0,0.7719298601150513,1,0,0.6666666865348816,0,1.0,0.6000000238418579,0,0,0,0,0.4545454680919647,0.5,0,0.7096773982048035,1.0,0.8333333134651184,0.5714285969734192,0.8823529481887817,0.75,0.7185656428337097,0.5,1,0,0,0,0,0,0,0,0,0,0,0,0.7070707082748413,0,0,0,0,0.22217711806297305,0.8790560364723206,0.5,0,0,0.5421686768531799,0,0.8888888955116272,0,0,0,0,1,0.3333333432674408,0,0,0,0,0.6866908073425293,0,0,0,0.8110404014587402,0,0,0.8333333134651184,0,0,0,1,0,0.0,0,0.125,0,0,0,0.0,0,0,0,0,1.0,0.4000000059604645,0,1.0,0,0,0,0,0.9090909361839294,0,0,1,0,0.5,0.2857142984867096,0,0,0,0,0,1.0,0,0,0,0,0,0,0.8414096832275391,0,0,0,0,0,0,0.4,0.7817643880844116,0.2857142984867096,0,0,0,0,0,0.25,0.0,0,0,1.0,1.0,0.5,0,0,0,0,0.5,0,0,0,0.4000000059604645,0.1934891939163208,0,1,0,0,0.5384615659713745,1.0,0,0.625,0.9090909361839294,0,0,0,0,0,0,0,1.0,0.8974359035491943,0,0,0,0.13333334028720856,1.0,0,0,1,0,0,0.0,0,0,0.6153846383094788,0.5,0,0.7142857313156128,0.3636363744735718,1,1,0,0.5,0.3333333432674408,0.5,0,0,0.5,0,0.5833333134651184,0.05882352963089943,0,0,0,0.7827869057655334,0,0,1.0,0,1,0.5,0,0.06666667014360428,0,0,0,0,0,0,0,0,0,0,0,0.800000011920929,0,0,0,0.5,0,0,0,0,0,1,0,0.6076993346214294,0.0714285746216774,0,0,0.06666667014360428,0.1538461595773697,0.9411765336990356,0,0,0.3333333134651184,1,0,0.6648207306861877,0,0,0,0,0,0.25,0,0,0.125,0.0,0.0,0,0,0,1,0,0,62,0,0,0,0,0.95652174949646,0,0,0.5,0,0,0,0,0,0,0,0,0.7894737124443054,1.0,0,0.7999999523162842,0,0,0,0,0,0.125,0,0,0,1.0,0,1,0,0,0.1666666716337204,0,0,0,0,0,0.5,0.7000000476837158,1,0,0,0.625,0,0,0.20000000298023224,0.5,0,0.25,0,0,0,0,0,0.6666666865348816,1,0,0,0,0,0.9085366129875184,0.4285714328289032,0.0,0,0,0,1,0,0.7892857193946838,0,0,1,0,0.10526315867900848,0,0.6666666865348816,0,0.8571428656578064,0,1.0,0,0.08695652335882187,0,0,0,0,0,0,0,0,0.20000000298023224,0,0,0,0,0,0.6716417670249939,0,0,0.9166666865348816,0,0,0,0,0.6470588445663452,0.2608528137207031,0.4615384638309479,0.4545454680919647,0.0476190485060215,0
ontonotes_shimaoka_kenn_adapter_bert_ms,2,2by4sngq,0.895061731338501,0.8695651888847351,0.75,0,0.0,0,0.6666666865348816,0,0.5797101259231567,0,0,0,0,0.75,0,0,0,0.8627451062202454,0.20000000298023224,0,0,0,0,0.6060606837272644,0,0,0,0,0.8518518805503845,1,0,0.6666666865348816,0,1.0,0.7142857313156128,0,0,0,0,0.5,0.5,0,0.9354838728904724,1.0,1.0,0.5714285969734192,0.8235294222831726,0.625,0.7811930179595947,0.5,1,0,0,0,0,0,0,0,0,0,0,0,0.8461538553237915,0,0,0,0,0.20402413606643677,0.8895705938339233,0.5,0,0,0.6153846383094788,0,1.0,0,0,0,0,1,0.0,0,0,0,0,0.7387977838516235,0,0,0,0.878661036491394,0,0,1.0,0,0,0,1,0,0.0,0,0.125,0,0,0,0.0,0,0,0,0,1.0,0.4000000059604645,0,0.800000011920929,0,0,0,0,1.0,0,0,1,0,0.6666666865348816,0.4545454680919647,0,0,0,0,0,1.0,0,0,0,0,0,0,0.8974359035491943,0,0,0,0,0,0,0.47,0.8215512037277222,0.2857142984867096,0,0,0,0,0,0.5,1.0,0,0,0.7142857313156128,1.0,1.0,0,0,0,0,0.0,0,0,0,0.4878048896789551,0.183617502450943,0,1,0,0,0.5555555820465088,1.0,0,0.6666666865348816,0.3333333134651184,0,0,0,0,0,0,0,0.0,0.8461538553237915,0,0,0,0.0,1.0,0,0,0,0,0,0.0,0,0,0.7692307829856873,0.5,0,0.7777777910232544,0.9090909361839294,0,1,0,0.5,0.3333333432674408,0.6000000238418579,0,0,0.0,0,0.8461538553237915,0.09090909361839294,0,0,0,0.8606557250022888,0,0,0.6666666865348816,0,0,0.25,0,0.06666667014360428,0,0,0,0,0,0,0,0,0,0,0,0.800000011920929,0,0,0,0.75,0,0,0,0,0,1,0,0.6828283071517944,0.0,0,0,0.06666667014360428,0.1666666716337204,1.0,0,0,0.0,1,0,0.7446143627166748,0,0,0,0,0,0.4000000059604645,0,0,0.1428571492433548,0.4000000059604645,0.25,0,0,0,1,0,0,39,0,0,0,0,1.0,0,0,0.6666666865348816,0,0,0,0,0,0,0,0,0.8000000715255737,0.0,0,0.9508196711540222,0,0,0,0,0,0.125,0,0,0,1.0,0,1,0,0,0.1666666716337204,0,0,0,0,0,0.6000000238418579,0.6250000596046448,0,0,0,0.6666666865348816,0,0,0.20000000298023224,0.6000000238418579,0,0.444444477558136,0,0,0,0,0,1.0,0,0,0,0,0,0.8841463327407837,0.2857142984867096,0.0,0,0,0,1,0,0.8047618865966797,0,0,1,0,0.1538461446762085,0,0.6666666865348816,0,0.7142857313156128,0,0.5,0,0.0,0,0,0,0,0,0,0,0,0.0,0,0,0,0,0,0.7183673977851868,0,0,0.9666666388511658,0,0,0,0,0.7419354915618896,0.22953376173973083,0.2666666805744171,0.5,0.0,0
ontonotes_shimaoka_kenn_adapter_bert_ms,1,2ub19rmk,0.8888888955116272,0.9166666865348816,0.75,0,1.0,0,0.5714285969734192,0,0.5675675868988037,0,0,0,0,0.75,0,0,0,0.8823529481887817,0.20000000298023224,0,0,0,0,0.555555522441864,0,0,0,0,0.8148147463798523,1,0,0.75,0,0.4000000059604645,0.75,0,0,0,0,0.4545454680919647,1.0,0,0.9032257795333862,1.0,1.0,0.5,0.8235294222831726,0.75,0.7497135996818542,0.800000011920929,1,0,0,0,0,0,0,0,0,0,0,0,0.6868686676025391,0,0,0,0,0.20898382365703583,0.8834356069564819,0.5,0,0,0.5806451439857483,0,0.8888888955116272,0,0,0,0,1,0.0,0,0,0,0,0.6978636980056763,0,0,0,0.8588957190513611,0,0,1.0,0,0,0,1,0,0.0,0,0.125,0,0,0,0.0,0,0,0,0,0.9600000381469728,0.3333333432674408,0,0.6666666865348816,0,0,0,0,1.0,0,0,1,0,0.6666666865348816,0.4000000059604645,0,0,0,0,0,1.0,0,0,0,0,0,0,0.8571428656578064,0,0,0,0,0,0,0.38,0.8297513723373413,0.2352941334247589,0,0,0,0,0,0.5,1.0,0,0,0.8571428656578064,0.9230769276618958,1.0,0,0,0,0,0.5,0,0,0,0.45652174949646,0.17863674461841583,0,1,0,0,0.6000000238418579,1.0,0,0.625,0.3333333134651184,0,0,0,0,0,0,0,1.0,0.8717948794364929,0,0,0,0.0,1.0,0,0,1,0,0,0.0,0,0,0.8461538553237915,0.6666666865348816,0,0.7777777910232544,0.9090909361839294,0,1,0,0.5,0.3333333432674408,0.6000000238418579,0,0,0.0,0,0.5666666626930237,0.06666667014360428,0,0,0,0.8606557250022888,0,0,0.5,0,0,0.3333333432674408,0,0.06666667014360428,0,0,0,0,0,0,0,0,0,0,0,0.6666666865348816,0,0,0,0.75,0,0,0,0,0,1,0,0.6092362403869629,0.0,0,0,0.06666667014360428,0.07407407462596893,0.9411765336990356,0,0,0.0,1,0,0.6837583780288696,0,0,0,0,0,0.3076923191547394,0,0,0.04545454680919647,0.4000000059604645,0.25,0,0,0,1,0,0,65,0,0,0,0,0.95652174949646,0,0,0.6666666865348816,0,0,0,0,0,0,0,0,0.8000000715255737,0.0,0,0.9333333373069764,0,0,0,0,0,0.125,0,0,0,1.0,0,1,0,0,0.13333334028720856,0,0,0,0,0,0.6000000238418579,0.7058824300765991,0,0,0,0.625,0,0,0.20000000298023224,0.6000000238418579,0,0.3809524178504944,0,0,0,0,0,1.0,0,0,0,0,0,0.8780487775802612,0.2857142984867096,0.0,0,0,0,1,0,0.8166666626930237,0,0,1,0,0.11764706671237946,0,0.5,0,0.75,0,1.0,0,0.0714285671710968,0,0,0,0,0,0,0,0,0.0,0,0,0,0,0,0.70038902759552,0,0,0.9655172228813172,0,0,0,0,0.7096773982048035,0.2517518103122711,0.3076923191547394,0.4545454680919647,0.03846153989434242,0
ontonotes_shimaoka_kenn_adapter_bert_ms,0,18ywpzc0,0.8682634830474854,0.9387754797935486,0.75,0,0.6666666865348816,0,0.6666666865348816,0,0.5,0,0,0,0,0.5,0,0,0,0.8529411554336548,0.20000000298023224,0,0,0,0,0.5161290764808655,0,0,0,0,0.7796610593795776,1,0,0.75,0,0.5,0.75,0,0,0,0,0.5,1.0,0,0.9677419066429138,1.0,1.0,0.6153846383094788,0.8235294222831726,0.75,0.7668454051017761,0.800000011920929,1,0,0,0,0,0,0,0,0,0,0,0,0.7764705419540405,0,0,0,0,0.2060778886079788,0.8761329650878906,0.5,0,0,0.5723684430122375,0,1.0,0,0,0,0,1,0.0,0,0,0,0,0.7176221013069153,0,0,0,0.8679245114326477,0,0,1.0,0,0,0,1,0,0.0,0,0.1111111044883728,0,0,0,0.0,0,0,0,0,0.9600000381469728,0.4444444477558136,0,0.6666666865348816,0,0,0,0,1.0,0,0,1,0,0.5,0.4000000059604645,0,0,0,0,0,1.0,0,0,0,0,0,0,0.8884119987487793,0,0,0,0,0,0,0.4,0.8225873708724976,0.2857142984867096,0,0,0,0,0,0.5,1.0,0,0,0.8571428656578064,0.9230769276618958,1.0,0,0,0,0,0.0,0,0,0,0.40909090638160706,0.18033495545387268,0,1,0,0,0.6000000238418579,1.0,0,0.6666666865348816,0.3333333134651184,0,0,0,0,0,0,0,0.5,0.8461538553237915,0,0,0,0.0,1.0,0,0,1,0,0,0.0,0,0,0.8846153616905212,0.6666666865348816,0,0.7777777910232544,0.7272727489471436,0,1,0,0.5,0.3333333432674408,0.5,0,0,0.0,0,0.717391312122345,0.0714285746216774,0,0,0,0.8483606576919556,0,0,0.5,0,0,0.2222222238779068,0,0.05882352963089943,0,0,0,0,0,0,0,0,0,0,0,0.6666666865348816,0,0,0,0.5,0,0,0,0,0,1,0,0.6475095748901367,0.0,0,0,0.06666667014360428,0.1538461595773697,1.0,0,0,0.0,1,0,0.7181785702705383,0,0,0,0,0,0.4000000059604645,0,0,0.125,0.6666666865348816,0.5,0,0,0,1,0,0,39,0,0,0,0,1.0,0,0,0.5,0,0,0,0,0,0,0,0,0.8000000715255737,0.0,0,0.9230769872665404,0,0,0,0,0,0.125,0,0,0,1.0,0,1,0,0,0.1666666716337204,0,0,0,0,0,0.6000000238418579,0.7058824300765991,0,0,0,0.6666666865348816,0,0,0.20000000298023224,0.5,0,0.444444477558136,0,0,0,0,0,1.0,0,0,0,0,0,0.8841463327407837,0.2857142984867096,0.0,0,0,0,1,0,0.8047618865966797,0,0,1,0,0.125,0,0.5,0,0.6428571343421936,0,1.0,0,0.0,0,0,0,0,0,0,0,0,0.0,0,0,0,0,0,0.6850393414497375,0,0,0.8823529481887817,0,0,0,0,0.6388888955116272,0.24039435386657715,0.25,0.5,0.0,0
bbn_kenn_adapter_bert_ms,2,2ts9ipij,0.8475610017776489,0.7317072749137878,0.75,0,1.0,0,0.6666666865348816,0,0.5588235259056091,0,0,0,0,0.5,0,0,0,0.8725489974021912,0.20000000298023224,0,0,0,0,0.2608695924282074,0,0,0,0,0.8979591727256775,1,0,0.6666666865348816,0,1.0,0.7142857313156128,0,0,0,0,0.4545454680919647,1.0,0,0.7419354915618896,1.0,1.0,0.6666666865348816,0.5882353186607361,0.625,0.7129635810852051,0.800000011920929,1,0,0,0,0,0,0,0,0,0,0,0,0.769230842590332,0,0,0,0,0.21298538148403168,0.8475610017776489,0.25,0,0,0.5668789744377136,0,0.8888888955116272,0,0,0,0,1,0.0,0,0,0,0,0.690315306186676,0,0,0,0.7955056428909302,0,0,1.0,0,0,0,1,0,0.0,0,0.0,0,0,0,0.0,0,0,0,0,0.9090909361839294,0.5,0,1.0,0,0,0,0,0.888888955116272,0,0,1,0,0.5,0.25,0,0,0,0,0,1.0,0,0,0,0,0,0,0.8805969953536987,0,0,0,0,0,0,0.56,0.7356424331665039,0.3636363744735718,0,0,0,0,0,0.25,1.0,0,0,0.8571428656578064,1.0,1.0,0,0,0,0,0.0,0,0,0,0.4749999940395355,0.20524543523788452,0,1,0,0,0.6000000238418579,0.800000011920929,0,0.625,0.3333333134651184,0,0,0,0,0,0,0,1.0,0.8974359035491943,0,0,0,0.13333334028720856,1.0,0,0,1,0,0,0.0,0,0,0.5769230723381042,0.6666666865348816,0,0.7142857313156128,0.27272728085517883,1,1,0,0.5,0.3333333432674408,0.5,0,0,0.0,0,0.6730769276618958,0.03846153989434242,0,0,0,0.7254098653793335,0,0,1.0,0,0,0.3333333432674408,0,0.0,0,0,0,0,0,0,0,0,0,0,0,1.0,0,0,0,0.5,0,0,0,0,0,1,0,0.6549145579338074,0.0714285746216774,0,0,0.0714285746216774,0.0,0.9411765336990356,0,0,1.0,1,0,0.6916413307189941,0,0,0,0,0,0.1818181872367859,0,0,0.0,0.6666666865348816,0.5,0,0,0,1,0,0,47,0,0,0,0,0.95652174949646,0,0,0.5,0,0,0,0,0,0,0,0,0.6451613306999207,1.0,0,0.836363673210144,0,0,0,0,0,0.13333334028720856,0,0,0,0.8333333134651184,0,0,0,0,0.2222222238779068,0,0,0,0,0,0.6000000238418579,0.7058824300765991,0,0,0,0.625,0,0,0.0,0.5,0,0.21052631735801697,0,0,0,0,0,1.0,0,0,0,0,0,0.8475610017776489,0.2857142984867096,0.0,0,0,0,1,0,0.7297618985176086,0,0,1,0,0.06666667014360428,0,1.0,0,0.6785714030265808,0,0.5,0,0.0,0,0,0,0,0,0,0,0,1.0,0,0,0,0,0,0.6872586607933044,0,0,0.9583333134651184,0,0,0,0,0.8461538553237915,0.22133195400238037,0.3076923191547394,0.4545454680919647,0.0,0
bbn_kenn_adapter_bert_ms,1,v68meff6,0.862500011920929,0.9600000381469728,0.75,0,0.6666666865348816,0,0.6666666865348816,0,0.5294117331504822,0,0,0,0,0.5,0,0,0,0.843137264251709,0.20000000298023224,0,0,0,0,0.27272728085517883,0,0,0,0,0.95652174949646,1,0,0.6315789818763733,0,1.0,0.5454545617103577,0,0,0,0,0.4545454680919647,0.5,0,0.7419354915618896,0.875,1.0,0.800000011920929,0.6470588445663452,0.75,0.730657160282135,0.5,1,0,0,0,0,0,0,0,0,0,0,0,0.7326732873916626,0,0,0,0,0.21117883920669556,0.8518518805503845,0.25,0,0,0.6013985872268677,0,1.0,0,0,0,0,1,0.0,0,0,0,0,0.7009029388427734,0,0,0,0.8035714626312256,0,0,1.0,0,0,0,1,0,0.0,0,0.125,0,0,0,0.0,0,0,0,0,0.9090909361839294,0.6666666865348816,0,1.0,0,0,0,0,1.0,0,0,1,0,0.5,0.27272728085517883,0,0,0,0,0,1.0,0,0,0,0,0,0,0.8823529481887817,0,0,0,0,0,0,0.55,0.7492599487304688,0.3636363744735718,0,0,0,0,0,0.25,1.0,0,0,0.7142857313156128,1.0,1.0,0,0,0,0,0.0,0,0,0,0.44999998807907104,0.20015528798103333,0,1,0,0,0.5,1.0,0,0.625,0.3333333134651184,0,0,0,0,0,0,0,0.5,0.9487179517745972,0,0,0,0.0,1.0,0,0,1,0,0,0.0,0,0,0.9230769276618958,0.5,0,0.7333333492279053,0.27272728085517883,1,1,0,0.5,0.3333333432674408,0.5,0,0,0.0,0,0.5967742204666138,0.0625,0,0,0,0.7377049326896667,0,0,1.0,0,0,0.4285714328289032,0,0.06666667014360428,0,0,0,0,0,0,0,0,0,0,0,1.0,0,0,0,0.5,0,0,0,0,0,1,0,0.6663089990615845,0.0,0,0,0.0714285746216774,0.0,0.9333333373069764,0,0,1.0,1,0,0.7129557132720947,0,0,0,0,0,0.4000000059604645,0,0,0.0,0.4000000059604645,0.25,0,0,0,1,0,0,76,0,0,0,0,0.95652174949646,0,0,0.5,0,0,0,0,0,0,0,0,0.6875,0.0,0,0.836363673210144,0,0,0,0,0,0.13333334028720856,0,0,0,0.8333333134651184,0,1,0,0,0.2222222238779068,0,0,0,0,0,0.6000000238418579,0.5882353186607361,0,0,0,0.625,0,0,0.0,0.5,0,0.3076923191547394,0,0,0,0,0,1.0,0,0,0,0,0,0.8414633870124817,0.4285714328289032,0.0,0,0,0,1,0,0.7392857074737549,0,0,1,0,0.10000000149011612,0,1.0,0,0.6428571343421936,0,0.5,0,0.0,0,0,0,0,0,0,0,0,1.0,0,0,0,0,0,0.7020407915115356,0,0,0.9583333134651184,0,0,0,0,0.95652174949646,0.2234874367713928,0.4285714328289032,0.4545454680919647,0.0,0
bbn_kenn_adapter_bert_ms,0,3mdsa66h,0.820652186870575,1.0,0.75,0,1.0,0,1.0,0,0.5063291192054749,0,0,0,0,0.5,0,0,0,0.8921568393707275,0.20000000298023224,0,0,0,0,0.320000022649765,0,0,0,0,0.8148147463798523,1,0,0.6315789818763733,0,1.0,0.5454545617103577,0,0,0,0,0.4545454680919647,0.5,0,0.774193525314331,1.0,1.0,0.5714285969734192,0.9411764740943908,0.75,0.7051898241043091,0.5,1,0,0,0,0,0,0,0,0,0,0,0,0.6379310488700867,0,0,0,0,0.19552339613437653,0.8678160905838013,0.5,0,0,0.5515151619911194,0,0.8888888955116272,0,0,0,0,1,0.0,0,0,0,0,0.6670020222663879,0,0,0,0.8026314973831177,0,0,0.5,0,0,0,1,0,0.0,0,0.11764705926179886,0,0,0,0.0,0,0,0,0,0.9230769276618958,0.4000000059604645,0,0.6666666865348816,0,0,0,0,1.0,0,0,1,0,0.4000000059604645,0.2857142984867096,0,0,0,0,0,1.0,0,0,0,0,0,0,0.8632075190544128,0,0,0,0,0,0,0.35000000000000003,0.7915926575660706,0.25,0,0,0,0,0,0.375,0.5,0,0,1.0,0.8571428656578064,0.5,0,0,0,0,0.5,0,0,0,0.3921568691730499,0.16095522046089172,0,1,0,0,0.5833333134651184,1.0,0,0.625,0.2857142984867096,0,0,0,0,0,0,0,1.0,0.9487179517745972,0,0,0,0.0,1.0,0,0,1,0,0,0.0,0,0,1.0,0.5,0,0.695652186870575,0.3636363744735718,1,1,0,0.5,0.3333333432674408,0.3333333432674408,0,0,0.0,0,0.48051947355270386,0.0625,0,0,0,0.75,0,0,0.5,0,0,0.4000000059604645,0,0.0625,0,0,0,0,0,0,0,0,0,0,0,0.6666666865348816,0,0,0,0.5,0,0,0,0,0,1,0,0.5775261521339417,0.0,0,0,0.06666667014360428,0.0,0.9411765336990356,0,0,0.25,1,0,0.6357925534248352,0,0,0,0,0,0.2307692319154739,0,0,0.0,0.5,0.5,0,0,0,1,0,0,63,0,0,0,0,0.95652174949646,0,0,0.4000000059604645,0,0,0,0,0,0,0,0,0.800000011920929,0.0,0,0.8275862336158752,0,0,0,0,0,0.125,0,0,0,1.0,0,1,0,0,0.1428571492433548,0,0,0,0,0,0.6000000238418579,0.7368420958518982,0,0,0,0.625,0,0,0.0,0.3333333432674408,0,0.2857142984867096,0,0,0,0,0,0.6666666865348816,0,0,0,0,0,0.9207317233085632,0.2857142984867096,0.0,0,0,0,1,0,0.7892857193946838,0,0,1,0,0.1111111119389534,0,0.5,0,0.7142857313156128,0,1.0,0,0.042553193867206573,0,0,0,0,0,0,0,0,0.1428571492433548,0,0,0,0,0,0.6816479563713074,0,0,0.8888888955116272,0,0,0,0,0.7096773982048035,0.24900105595588684,0.3333333432674408,0.4545454680919647,0.02222222276031971,0
ontonotes_shimaoka_classifier_adapter_bert_ms,2,39p8by53,0.8999999761581421,0.8444444537162781,1.0,0,1.0,0,1.0,0,0.5301204919815063,0,0,0,0,0.75,0,0,0,0.8725489974021912,0.20000000298023224,0,0,0,0,0.6923076510429382,0,0,0,0,0.8301886916160583,1,0,0.75,0,1.0,0.75,0,0,0,0,0.4166666567325592,1.0,0,0.9354838728904724,0.875,1.0,0.888888955116272,0.8235294222831726,0.75,0.7418734431266785,0.800000011920929,1,0,0,0,0,0,0,0,0,0,0,0,0.719101071357727,0,0,0,0,0.2254020720720291,0.8888888359069824,0.5,0,0,0.5597484111785889,0,1.0,0,0,0,0,1,0.0,0,0,0,0,0.7055703401565552,0,0,0,0.831932783126831,0,0,1.0,0,0,0,1,0,0.0,0,0.13333334028720856,0,0,0,0.0,0,0,0,0,0.8695651888847351,0.800000011920929,0,1.0,0,0,0,0,1.0,0,0,1,0,0.6666666865348816,0.6000000238418579,0,0,0,0,0,1.0,0,0,0,0,0,0,0.8534482717514038,0,0,0,0,0,0,0.4,0.7931913137435913,0.2857142984867096,0,0,0,0,0,0.25,1.0,0,0,0.7142857313156128,0.9090909361839294,1.0,0,0,0,0,0.5,0,0,0,0.4000000059604645,0.2029816210269928,0,1,0,0,0.625,1.0,0,0.555555522441864,0.3333333134651184,0,0,0,0,0,0,0,1.0,0.8205128312110901,0,0,0,0.0,1.0,0,0,1,0,0,0.0,0,0,0.7307692170143127,0.6666666865348816,0,0.7777777910232544,0.8181818127632141,1,1,0,0.5,0.3333333432674408,0.6000000238418579,0,0,0.0,0,0.6399999856948853,0.07407407462596893,0,0,0,0.811475396156311,0,0,1.0,0,0,0.2307692319154739,0,0.0714285746216774,0,0,0,0,0,0,0,0,0,0,0,1.0,0,0,0,0.75,0,0,0,0,0,1,0,0.6363636255264282,0.0,0,0,0.07692307978868484,0.125,0.9333333373069764,0,0,0.1538461595773697,1,0,0.6967923045158386,0,0,0,0,0,0.6666666865348816,0,0,0.09090909361839294,0.4000000059604645,0.25,0,0,0,1,0,0,28,0,0,0,0,0.95652174949646,0,0,0.6666666865348816,0,0,0,0,0,0,0,0,0.8000000715255737,0.0,0,0.9354838728904724,0,0,0,0,0,0.1428571343421936,0,0,0,0.8333333134651184,0,1,0,0,0.1666666716337204,0,0,0,0,0,1.0,0.6666666865348816,0,0,0,0.5882353186607361,0,0,0.20000000298023224,0.6000000238418579,0,0.3636363744735718,0,0,0,0,0,1.0,0,0,0,0,0,0.8780487775802612,0.4285714328289032,0.0,0,0,0,1,0,0.7916666865348816,0,0,1,0,0.12903225421905518,0,1.0,0,0.7857142686843872,0,1.0,0,0.06666667014360428,0,0,0,0,0,0,0,0,0.0833333358168602,0,0,0,0,0,0.6819922924041748,0,0,0.9354838728904724,0,0,0,0,0.7333333492279053,0.25339046120643616,0.29999998211860657,0.3846153914928436,0.0357142873108387,0
ontonotes_shimaoka_classifier_adapter_bert_ms,1,3cbayzoo,0.8421052694320679,0.8181818127632141,0.75,0,0.0,0,0.6666666865348816,0,0.5428571105003357,0,0,0,0,0.75,0,0,0,0.8627451062202454,0.20000000298023224,0,0,0,0,0.5,0,0,0,0,0.7586206793785095,1,0,0.5714285373687744,0,1.0,0.6666666865348816,0,0,0,0,0.3846153914928436,1.0,0,0.8709677457809448,1.0,1.0,0.6153846383094788,0.8235294222831726,0.5,0.7309519648551941,0.800000011920929,1,0,0,0,0,0,0,0,0,0,0,0,0.6804123520851135,0,0,0,0,0.20676028728485107,0.8597015142440796,0.5,0,0,0.523809552192688,0,0.8888888955116272,0,0,0,0,1,0.0,0,0,0,0,0.6913710832595825,0,0,0,0.8450106382369995,0,0,1.0,0,0,0,1,0,0.0,0,0.11764705926179886,0,0,0,0.0,0,0,0,0,0.8695651888847351,0.4444444477558136,0,1.0,0,0,0,0,1.0,0,0,1,0,0.6666666865348816,0.4117647111415863,0,0,0,0,0,1.0,0,0,0,0,0,0,0.8766520023345947,0,0,0,0,0,0,0.38,0.7869745492935181,0.2352941334247589,0,0,0,0,0,0.125,1.0,0,0,0.8571428656578064,0.9090909361839294,1.0,0,0,0,0,0.0,0,0,0,0.4523809552192688,0.18518733978271484,0,1,0,0,0.6666666865348816,1.0,0,0.5882353186607361,0.3333333134651184,0,0,0,0,0,0,0,0.0,0.8461538553237915,0,0,0,0.0,1.0,0,0,0,0,0,0.0,0,0,0.692307710647583,0.6666666865348816,0,0.7368420958518982,0.6363636255264282,1,1,0,0.5,0.3333333432674408,0.6000000238418579,0,0,0.0,0,0.568965494632721,0.08695652335882187,0,0,0,0.8155737519264221,0,0,1.0,0,0,0.5,0,0.0625,0,0,0,0,0,0,0,0,0,0,0,1.0,0,0,0,0.75,0,0,0,0,0,1,0,0.6224976181983948,0.0,0,0,0.0625,0.1666666716337204,0.9411765336990356,0,0,0.6666666865348816,1,0,0.6823754906654358,0,0,0,0,0,0.06666667014360428,0,0,0.1428571492433548,0.4000000059604645,0.25,0,0,0,1,0,0,50,0,0,0,0,0.95652174949646,0,0,0.6666666865348816,0,0,0,0,0,0,0,0,0.7777777910232544,0.0,0,0.9000000953674316,0,0,0,0,0,0.11764705926179886,0,0,0,0.8333333134651184,0,1,0,0,0.13333334028720856,0,0,0,0,0,0.6000000238418579,0.75,0,0,0,0.555555522441864,0,0,0.20000000298023224,0.6000000238418579,0,0.08695653080940247,0,0,0,0,0,1.0,0,0,0,0,0,0.8780487775802612,0.4285714328289032,0.0,0,0,0,1,0,0.7773809432983398,0,0,1,0,0.14814814925193787,0,1.0,0,0.6785714030265808,0,0.5,0,0.0,0,0,0,0,0,0,0,0,0.5,0,0,0,0,0,0.6518518328666687,0,0,0.931034505367279,0,0,0,0,0.6285714507102966,0.2340221107006073,0.4615384638309479,0.4166666567325592,0.0,0
ontonotes_shimaoka_classifier_adapter_bert_ms,0,3jibxkha,0.8975903391838074,0.8695651888847351,0.6666666865348816,0,0.0,0,1.0,0,0.5675675868988037,0,0,0,0,0.75,0,0,0,0.8529411554336548,0.20000000298023224,0,0,0,0,0.3333333432674408,0,0,0,0,0.7213114500045776,1,0,0.75,0,1.0,0.75,0,0,0,0,0.4166666567325592,1.0,0,0.9032257795333862,1.0,1.0,0.5333333611488342,0.8823529481887817,0.75,0.732680082321167,0.800000011920929,1,0,0,0,0,0,0,0,0,0,0,0,0.6666666269302368,0,0,0,0,0.20598173141479492,0.9030303359031676,0.25,0,0,0.4860335290431976,0,1.0,0,0,0,0,1,0.0,0,0,0,0,0.6857142448425293,0,0,0,0.8487394452095032,0,0,1.0,0,0,0,1,0,0.0,0,0.1111111044883728,0,0,0,0.0,0,0,0,0,0.9090909361839294,0.3636363744735718,0,0.800000011920929,0,0,0,0,1.0,0,0,1,0,0.6666666865348816,0.21621622145175937,0,0,0,0,0,1.0,0,0,0,0,0,0,0.8706896305084229,0,0,0,0,0,0,0.36000000000000004,0.8115453124046326,0.21052631735801697,0,0,0,0,0,0.5,0.5,0,0,0.7142857313156128,1.0,1.0,0,0,0,0,0.0,0,0,0,0.45652174949646,0.17867618799209595,0,1,0,0,0.625,1.0,0,0.5882353186607361,0.3333333134651184,0,0,0,0,0,0,0,0.0,0.8461538553237915,0,0,0,0.13333334028720856,1.0,0,0,0,0,0,0.0,0,0,0.7692307829856873,0.6666666865348816,0,0.625,0.7272727489471436,1,1,0,0.4000000059604645,0.25,0.6000000238418579,0,0,0.0,0,0.550000011920929,0.06666667014360428,0,0,0,0.8278688788414001,0,0,0.6666666865348816,0,0,0.375,0,0.05882352963089943,0,0,0,0,0,0,0,0,0,0,0,0.800000011920929,0,0,0,0.75,0,0,0,0,0,1,0,0.6000000238418579,0.0714285746216774,0,0,0.0714285746216774,0.0952381044626236,1.0,0,0,0.4000000059604645,1,0,0.6677852869033813,0,0,0,0,0,0.20000000298023224,0,0,0.0625,0.3333333432674408,0.25,0,0,0,1,0,0,36,0,0,0,0,0.95652174949646,0,0,0.6666666865348816,0,0,0,0,0,0,0,0,0.7317072749137878,1.0,0,0.9333333373069764,0,0,0,0,0,0.13333334028720856,0,0,0,0.8333333134651184,0,1,0,0,0.11764705926179886,0,0,0,0,0,0.5,0.6666666865348816,0,0,0,0.5882353186607361,0,0,0.20000000298023224,0.6000000238418579,0,0.2857142984867096,0,0,0,0,0,1.0,0,0,0,0,0,0.9085366129875184,0.4285714328289032,0.0,0,0,0,1,0,0.800000011920929,0,0,1,0,0.10526316612958908,0,0.6666666865348816,0,0.75,0,1.0,0,0.0,0,0,0,0,0,0,0,0,0.25,0,0,0,0,0,0.619217038154602,0,0,0.9655172228813172,0,0,0,0,0.5789473652839661,0.24313847720623016,0.3999999761581421,0.4166666567325592,0.0,0
bbn_classifier_adapter_bert_ms,2,3vlzf5yn,0.8620689511299133,0.8695651888847351,0.75,0,1.0,0,1.0,0,0.5681818127632141,0,0,0,0,0.5,0,0,0,0.8235294222831726,0.20000000298023224,0,0,0,0,0.29629629850387573,0,0,0,0,0.8461538553237915,1,0,0.75,0,1.0,0.75,0,0,0,0,0.3846153914928436,0.5,0,0.774193525314331,1.0,1.0,0.6153846383094788,0.8823529481887817,0.75,0.7509539127349854,0.5,1,0,0,0,0,0,0,0,0,0,0,0,0.785714328289032,0,0,0,0,0.22021815180778503,0.8875739574432373,0.25,0,0,0.6131386756896973,0,0.8888888955116272,0,0,0,0,1,0.3333333432674408,0,0,0,0,0.720130980014801,0,0,0,0.8255318999290466,0,0,1.0,0,0,0,1,0,0.0,0,0.13333334028720856,0,0,0,0.0,0,0,0,0,1.0,0.4444444477558136,0,1.0,0,0,0,0,1.0,0,0,1,0,0.5,0.25,0,0,0,0,0,1.0,0,0,0,0,0,0,0.8584070801734924,0,0,0,0,0,0,0.49,0.7862048745155334,0.5,0,0,0,0,0,0.25,0.0,0,0,1.0,1.0,1.0,0,0,0,0,0.0,0,0,0,0.4166666567325592,0.20150867104530337,0,1,0,0,0.5833333134651184,1.0,0,0.555555522441864,0.3333333134651184,0,0,0,0,0,0,0,1.0,0.8461538553237915,0,0,0,0.25,1.0,0,0,1,0,0,0.0,0,0,0.7692307829856873,0.5,0,0.75,0.3636363744735718,1,1,0,0.5,0.3333333432674408,0.5,0,0,0.5,0,0.7333333492279053,0.04545454680919647,0,0,0,0.7950819730758667,0,0,1.0,0,0,0.5,0,0.0714285746216774,0,0,0,0,0,0,0,0,0,0,0,1.0,0,0,0,0.5,0,0,0,0,0,1,0,0.6646525859832764,0.1428571492433548,0,0,0.0714285746216774,0.13333334028720856,0.9411765336990356,0,0,0.3333333134651184,1,0,0.7187283635139465,0,0,0,0,0,0.4000000059604645,0,0,0.10000000149011612,0.0,0.0,0,0,0,1,0,0,33,0,0,0,0,0.95652174949646,0,0,0.5,0,0,0,0,0,0,0,0,0.8108108639717102,1.0,0,0.8571428060531616,0,0,0,0,0,0.13333334028720856,0,0,0,1.0,0,1,0,0,0.3333333432674408,0,0,0,0,0,0.6000000238418579,0.7368420958518982,1,0,0,0.555555522441864,0,0,0.20000000298023224,0.5,0,0.3076923191547394,0,0,0,0,0,1.0,0,0,0,0,0,0.9146341681480408,0.4285714328289032,0.0,0,0,0,1,0,0.7857142686843872,0,0,1,0,0.07692307233810425,0,1.0,0,0.8928571343421936,0,1.0,0,0.0,0,0,0,0,0,0,0,0,0.20000000298023224,0,0,0,0,0,0.702928900718689,0,0,0.959999978542328,0,0,0,0,0.7586206793785095,0.24275745451450348,0.4615384638309479,0.3846153914928436,0.0,0
bbn_classifier_adapter_bert_ms,1,1i2j86sx,0.849711000919342,0.8444444537162781,0.75,0,1.0,0,0.800000011920929,0,0.4421052932739258,0,0,0,0,0.75,0,0,0,0.901960790157318,1.0,0,0,0,0,0.3478260636329651,0,0,0,0,0.7719298601150513,1,0,0.6666666865348816,0,0.6666666865348816,0.6000000238418579,0,0,0,0,0.4545454680919647,0.5,0,0.6774193644523621,1.0,0.8333333134651184,0.5714285969734192,0.8823529481887817,0.75,0.7014383673667908,0.5,1,0,0,0,0,0,0,0,0,0,0,0,0.723809540271759,0,0,0,0,0.22806359827518463,0.8724035620689392,0.5,0,0,0.5027322173118591,0,0.8888888955116272,0,0,0,0,1,0.3333333432674408,0,0,0,0,0.666330099105835,0,0,0,0.7835497856140137,0,0,0.7142857313156128,0,0,0,1,0,0.0,0,0.0,0,0,0,0.5,0,0,0,0,1.0,0.4000000059604645,0,1.0,0,0,0,0,0.9090909361839294,0,0,1,0,0.6666666865348816,0.3333333432674408,0,0,0,0,0,1.0,0,0,0,0,0,0,0.8302752375602722,0,0,0,0,0,0,0.34,0.7836589813232422,0.21052631735801697,0,0,0,0,0,0.5,1.0,0,0,1.0,1.0,1.0,0,0,0,0,0.5,0,0,0,0.31343284249305725,0.2053969204425812,0,1,0,0,0.5,1.0,0,0.625,0.8333333730697632,0,0,0,0,0,0,0,1.0,0.9743589758872986,0,0,0,0.25,1.0,0,0,1,0,0,0.3333333432674408,0,0,0.7307692170143127,0.5,0,0.625,0.3636363744735718,1,1,0,0.5,0.3333333432674408,0.6000000238418579,0,0,0.5,0,0.5757575631141663,0.06666667014360428,0,0,0,0.7418032884597778,0,0,1.0,0,0,0.5,0,0.0,0,0,0,0,0,0,0,0,0,0,0,1.0,0,0,0,0.75,0,0,0,0,0,1,0,0.5784399509429932,0.1428571492433548,0,0,0.06666667014360428,0.125,0.9411765336990356,0,0,0.3333333134651184,1,0,0.6348325610160828,0,0,0,0,0,0.4444444477558136,0,0,0.09090909361839294,0.4000000059604645,0.25,0,0,0,1,0,0,34,0,0,0,0,0.95652174949646,0,0,0.6666666865348816,0,0,0,0,0,0,0,0,0.7317072749137878,1.0,0,0.7924528121948242,0,0,0,0,0,0.125,0,0,0,1.0,0,0,0,0,0.11764705926179886,0,0,0,0,0,0.6000000238418579,0.6666666865348816,1,0,0,0.625,0,0,0.20000000298023224,0.6000000238418579,0,0.4705882668495178,0,0,0,0,0,1.0,0,0,0,0,0,0.8963414430618286,0.4285714328289032,0.0,0,0,0,1,0,0.7857142686843872,0,0,1,0,0.11764706671237946,0,1.0,0,0.75,0,1.0,0,0.05128205567598343,0,0,0,0,0,0,1,0,0.20000000298023224,0,0,0,0,0,0.6456140279769897,0,0,0.9545454382896424,0,0,0,0,0.6470588445663452,0.25635361671447754,0.4615384638309479,0.4545454680919647,0.027027027681469917,0
bbn_classifier_adapter_bert_ms,0,3c85wnqw,0.8639053106307983,0.8444444537162781,0.6666666865348816,0,1.0,0,0.6666666865348816,0,0.5789473652839661,0,0,0,0,0.5,0,0,0,0.8725489974021912,0.20000000298023224,1,0,0,0,0.2857142686843872,0,0,0,0,0.800000011920929,1,0,0.6666666865348816,0,1.0,0.6000000238418579,0,0,0,0,0.4545454680919647,0.5,0,0.8709677457809448,1.0,1.0,0.380952388048172,0.8823529481887817,0.75,0.7086742520332336,0.5,1,0,0,0,0,0,0,0,0,0,0,0,0.703703761100769,0,0,0,0,0.22087682783603668,0.8768768310546875,0.75,0,0,0.5,0,1.0,0,0,0,0,1,0.0,0,0,0,0,0.6718106865882874,0,0,0,0.803532063961029,0,0,1.0,0,0,0,1,0,0.0,0,0.10526315867900848,0,0,0,0.0,0,0,0,0,0.9090909361839294,0.23529411852359772,0,0.800000011920929,0,0,0,0,1.0,0,0,1,0,0.5,0.30000001192092896,0,0,0,0,0,1.0,0,0,0,0,0,0,0.8708133697509766,0,0,0,0,0,0,0.38,0.7775607109069824,0.444444477558136,0,0,0,0,0,0.5,1.0,0,0,0.8571428656578064,1.0,1.0,0,0,0,0,0.5,0,0,0,0.4583333432674408,0.1962808221578598,0,1,0,0,0.5454545617103577,1.0,0,0.625,0.3333333134651184,0,0,0,0,0,0,0,1.0,0.9743589758872986,0,0,0,0.13333334028720856,1.0,0,0,1,0,0,0.0,0,0,0.7307692170143127,0.5,0,0.6818181872367859,0.27272728085517883,1,1,0,0.5,0.3333333432674408,0.5,0,0,0.0,0,0.5507246255874634,0.0731707289814949,0,0,0,0.7459016442298889,0,0,0.6666666865348816,0,1,0.25,0,0.0555555559694767,0,0,0,0,0,0,0,0,0,0,0,0.6666666865348816,0,0,0,0.5,0,0,0,0,0,1,0,0.5914855003356934,0.0714285746216774,0,0,0.0625,0.1111111119389534,1.0,0,0,0.3333333134651184,1,0,0.6510002613067627,0,0,0,0,0,0.4444444477558136,0,0,0.07692307978868484,0.4000000059604645,0.25,0,0,0,1,0,0,43,0,0,0,0,0.95652174949646,0,0,0.5,0,0,0,0,0,0,0,0,0.7692307829856873,1.0,0,0.9000000953674316,0,0,0,0,0,0.11764705926179886,0,0,0,0.8333333134651184,0,1,0,0,0.2857142984867096,0,0,0,0,0,0.5,0.6666666865348816,0,0,0,0.625,0,0,0.20000000298023224,0.5,0,0.4705882668495178,0,0,0,0,0,1.0,1,0,0,0,0,0.8902438879013062,0.4285714328289032,0.0,0,0,0,1,0,0.7773809432983398,0,0,1,0,0.13333334028720856,0,0.5,0,0.7857142686843872,0,0.5,0,0.07692307978868484,0,0,0,0,0,0,0,0,0.20000000298023224,0,0,0,0,0,0.6357142329216003,0,0,0.931034505367279,0,0,0,0,0.6875,0.2525201737880707,0.31578946113586426,0.4545454680919647,0.0416666679084301,0
