type,projector,precision/mean,recall/mean,f1/mean,precision/std,recall/std,f1/std
/organization/sports_league,bbn_L2AWE_adapter_bert_ms,1.0,0.3333333333333333,0.4888888994852702,0.0,0.14433756729740643,0.15396007981354368
/people/ethnicity,bbn_L2AWE_adapter_bert_ms,0.5416666666666666,1.0,0.7008547186851501,0.07216878364870322,0.0,0.05921540869506339
/living_thing/animal,bbn_L2AWE_adapter_bert_ms,0.0,0.0,0.0,0.0,0.0,0.0
/government_agency,bbn_L2AWE_adapter_bert_ms,0.694444457689921,0.375,0.4783549706141154,0.04811251096154957,0.125,0.10557355830416754
/event,bbn_L2AWE_adapter_bert_ms,0.027777778605620067,0.041666666666666664,0.033333333830038704,0.04811252386633372,0.07216878364870323,0.05773502777928152
/product,bbn_L2AWE_adapter_bert_ms,0.17787115275859833,0.6666666666666666,0.28042328357696533,0.03573487412262104,0.14433756729740643,0.05574418228437494
/transportation,bbn_L2AWE_adapter_bert_ms,0.5666666825612386,0.75,0.644444465637207,0.057735040684065646,0.0,0.03849001565179121
/building,bbn_L2AWE_adapter_bert_ms,0.3292318781216939,0.9803921580314636,0.49213676651318866,0.03203360483435594,0.03396177851628643,0.03553048531647776
/living_thing,bbn_L2AWE_adapter_bert_ms,0.3333333333333333,0.11111111442248027,0.16666666666666666,0.5773502691896258,0.19245009546533487,0.2886751345948129
/person/athlete,bbn_L2AWE_adapter_bert_ms,0.5000000099341074,0.24242424964904785,0.32598040501276654,0.10000000894069709,0.052486389672364055,0.0667189224682816
/person/soldier,bbn_L2AWE_adapter_bert_ms,0.0,0.0,0.0,0.0,0.0,0.0
/people,bbn_L2AWE_adapter_bert_ms,0.5265151560306549,1.0,0.686965823173523,0.08826651112678204,0.0,0.07422715743831079
/written_work,bbn_L2AWE_adapter_bert_ms,0.11111111442248027,0.047619049747784935,0.06666666766007741,0.19245009546533487,0.08247861357131343,0.11547005555856305
/art,bbn_L2AWE_adapter_bert_ms,0.0,0.0,0.0,0.0,0.0,0.0
/location/country,bbn_L2AWE_adapter_bert_ms,0.6666666666666666,0.0833333358168602,0.14652015268802643,0.5773502691896258,0.0833333358168602,0.1429979645751826
/location,bbn_L2AWE_adapter_bert_ms,0.7011486490567526,0.4607843259970347,0.5515860716501871,0.06375317197063983,0.08024856818799753,0.05237295980445885
/building/sports_facility,bbn_L2AWE_adapter_bert_ms,0.8611111044883728,0.800000011920929,0.821548859278361,0.12729377147212936,0.19999998807907104,0.13451169311651032
/medicine,bbn_L2AWE_adapter_bert_ms,0.75,1.0,0.8571428656578064,0.0,0.0,0.0
/organization/sports_team,bbn_L2AWE_adapter_bert_ms,0.9266414244969686,0.4193548262119293,0.5743946433067322,0.015341284154820686,0.08534681394242119,0.08632566831202498
/organization/educational_institution,bbn_L2AWE_adapter_bert_ms,0.20000000794728598,0.0434782604376475,0.07142857213815053,0.3464101752788785,0.07530655610271733,0.12371791605537544
/location/province,bbn_L2AWE_adapter_bert_ms,0.9166666666666666,0.2857142935196559,0.41329965988794964,0.14433756729740646,0.14285714179277426,0.15016937255784063
/location/city,bbn_L2AWE_adapter_bert_ms,0.3472222288449605,0.059829061230023704,0.10181245704491933,0.3342002710376008,0.053376052262568814,0.09166400943281773
/military,bbn_L2AWE_adapter_bert_ms,0.9166666666666666,0.8888888955116272,0.8857142925262451,0.14433756729740646,0.19245007825895602,0.10301574458732532
/time,bbn_L2AWE_adapter_bert_ms,0.9389778971672058,0.7820512851079305,0.8517006834348043,0.02292139854797975,0.08006406735816356,0.049205781173841466
/organization,bbn_L2AWE_adapter_bert_ms,0.8761606017748514,0.42886178692181903,0.5739130973815918,0.04796662084047055,0.04494582421033399,0.03471320079750102
/person/artist,bbn_L2AWE_adapter_bert_ms,0.0,0.0,0.0,0.0,0.0,0.0
/transportation/road,bbn_L2AWE_adapter_bert_ms,0.694444457689921,0.5833333333333334,0.6309523582458496,0.04811251096154957,0.14433756729740646,0.10309828201972329
/organization/company,bbn_L2AWE_adapter_bert_ms,0.19444443782170615,0.08333333333333333,0.11666666467984517,0.3367876455563625,0.14433756729740646,0.20207259077509326
/person,bbn_L2AWE_adapter_bert_ms,0.9375685453414917,0.7773224115371704,0.8495535453160604,0.007791847039999201,0.03785902332649355,0.02155403918570713
/news_agency,bbn_L2AWE_adapter_bert_ms,0.4450216591358185,1.0,0.610678235689799,0.11097122993748389,0.0,0.10275466967209085
/education,bbn_L2AWE_adapter_bert_ms,0.3361344635486603,1.0,0.5023923218250275,0.03638761983887824,0.0,0.04143659082399064
/education/department,bbn_L2AWE_adapter_bert_ms,0.35710956652959186,1.0,0.5251167416572571,0.04649867393065267,0.0,0.05091981610116416
/person/politician,bbn_L2AWE_adapter_bert_ms,0.0,0.0,0.0,0.0,0.0,0.0
/organization/sports_league,bbn_classifier_adapter_bert_ms,1.0,0.5416666666666666,0.648484855890274,0.0,0.40181878170803975,0.312987906077792
/people/ethnicity,bbn_classifier_adapter_bert_ms,0.5265151560306549,1.0,0.686965823173523,0.08826651112678204,0.0,0.07422715743831079
/living_thing/animal,bbn_classifier_adapter_bert_ms,0.11111111442248027,0.11111111442248027,0.11111111442248027,0.19245009546533487,0.19245009546533487,0.19245009546533487
/government_agency,bbn_classifier_adapter_bert_ms,0.5333333412806193,0.3333333333333333,0.38717948893706006,0.057735040684065646,0.19094065395649334,0.16323891206883714
/event,bbn_classifier_adapter_bert_ms,0.025641026596228283,0.041666666666666664,0.031746034820874534,0.04441156082289225,0.07216878364870323,0.05498574524860543
/product,bbn_classifier_adapter_bert_ms,0.23033217092355093,0.75,0.350980410973231,0.0426153213906088,0.0,0.05002883837223411
/transportation,bbn_classifier_adapter_bert_ms,0.5833333333333334,0.6666666666666666,0.6166666746139526,0.14433756729740646,0.14433756729740646,0.1258305723422143
/building,bbn_classifier_adapter_bert_ms,0.26905297736326855,1.0,0.42238982518513996,0.05007581755057543,0.0,0.062048089084335865
/living_thing,bbn_classifier_adapter_bert_ms,0.0,0.0,0.0,0.0,0.0,0.0
/person/athlete,bbn_classifier_adapter_bert_ms,0.6111111144224802,0.1515151560306549,0.24175825218359628,0.34694432926752977,0.10497277934472811,0.1618782604411985
/person/soldier,bbn_classifier_adapter_bert_ms,0.0,0.0,0.0,0.0,0.0,0.0
/people,bbn_classifier_adapter_bert_ms,0.5231481492519379,0.9333333373069763,0.6691086689631144,0.09247677801423056,0.1154700469553736,0.09892373098204608
/written_work,bbn_classifier_adapter_bert_ms,0.4444444477558136,0.1428571492433548,0.21481482684612274,0.09622503912947801,0.0,0.012830013820453161
/art,bbn_classifier_adapter_bert_ms,0.0,0.0,0.0,0.0,0.0,0.0
/location/country,bbn_classifier_adapter_bert_ms,1.0,0.11111111442248027,0.197802205880483,0.0,0.04811252386633372,0.07613410549684237
/location,bbn_classifier_adapter_bert_ms,0.656968871752421,0.5065359572569529,0.5719907283782959,0.043274028112919805,0.031515207503136106,0.03603533627807857
/building/sports_facility,bbn_classifier_adapter_bert_ms,1.0,0.6000000238418579,0.75,0.0,0.0,0.0
/medicine,bbn_classifier_adapter_bert_ms,0.75,1.0,0.8571428656578064,0.0,0.0,0.0
/organization/sports_team,bbn_classifier_adapter_bert_ms,0.9583333333333334,0.2795698841412862,0.432259738445282,0.07216878364870322,0.04927500600413379,0.06622208945263428
/organization/educational_institution,bbn_classifier_adapter_bert_ms,0.6666666666666666,0.043478261679410934,0.08111111571391423,0.5773502691896258,0.043478261679410934,0.08002315041680179
/location/province,bbn_classifier_adapter_bert_ms,0.875,0.523809532324473,0.6222222050031027,0.21650635094610965,0.16495722714262687,0.03849005006454892
/location/city,bbn_classifier_adapter_bert_ms,0.7003968159357706,0.16239316761493683,0.2582036207119624,0.11547209010517,0.059215408695063386,0.07066931576866445
/military,bbn_classifier_adapter_bert_ms,0.9166666666666666,0.8888888955116272,0.8857142925262451,0.14433756729740646,0.19245007825895602,0.10301574458732532
/time,bbn_classifier_adapter_bert_ms,0.9529675642649332,0.7820512851079305,0.8583699862162272,0.00330021599682159,0.05875097995312199,0.036488892339510935
/organization,bbn_classifier_adapter_bert_ms,0.8757297595342001,0.353658527135849,0.5017185807228088,0.011499877320798003,0.05816702055242813,0.055406055345709665
/person/artist,bbn_classifier_adapter_bert_ms,0.0,0.0,0.0,0.0,0.0,0.0
/transportation/road,bbn_classifier_adapter_bert_ms,0.75,0.75,0.75,0.0,0.0,0.0
/organization/company,bbn_classifier_adapter_bert_ms,0.3176470696926117,0.14285714427630106,0.19415204723676047,0.30155308503901734,0.12371791605537545,0.16992505694332125
/person,bbn_classifier_adapter_bert_ms,0.9339051842689514,0.7527322371800741,0.8333281477292379,0.008116152771040866,0.03312667429281888,0.021260619634186687
/news_agency,bbn_classifier_adapter_bert_ms,0.4450216591358185,1.0,0.610678235689799,0.11097122993748389,0.0,0.10275466967209085
/education,bbn_classifier_adapter_bert_ms,0.34109477202097577,1.0,0.5063237547874451,0.06608940861642844,0.0,0.07175830844843807
/education/department,bbn_classifier_adapter_bert_ms,0.25454546014467877,0.6666666666666666,0.36825398604075116,0.2211913693703448,0.5773502691896258,0.3194856184937109
/person/politician,bbn_classifier_adapter_bert_ms,0.0,0.0,0.0,0.0,0.0,0.0
/organization/sports_league,bbn_kenn_cross_adapter_bert_ms,1.0,0.5833333333333334,0.6969697078069051,0.0,0.36084391824351614,0.26243193115544144
/people/ethnicity,bbn_kenn_cross_adapter_bert_ms,0.5450336833794912,1.0,0.7028388381004333,0.08571300733066188,0.0,0.07279356574159487
/living_thing/animal,bbn_kenn_cross_adapter_bert_ms,0.11111111442248027,0.11111111442248027,0.11111111442248027,0.19245009546533487,0.19245009546533487,0.19245009546533487
/government_agency,bbn_kenn_cross_adapter_bert_ms,0.6126984357833862,0.375,0.4528360664844513,0.048872391748377174,0.125,0.08518254287909163
/event,bbn_kenn_cross_adapter_bert_ms,0.025641026596228283,0.041666666666666664,0.031746034820874534,0.04441156082289225,0.07216878364870323,0.05498574524860543
/product,bbn_kenn_cross_adapter_bert_ms,0.22692307829856873,0.75,0.34791022539138794,0.025220915897877727,0.0,0.029924137641011015
/transportation,bbn_kenn_cross_adapter_bert_ms,0.4583333333333333,0.6666666666666666,0.5333333412806193,0.07216878364870322,0.14433756729740646,0.057735040684065646
/building,bbn_kenn_cross_adapter_bert_ms,0.27820513149102527,1.0,0.4331510663032532,0.05786299901567647,0.0,0.07142470658564111
/living_thing,bbn_kenn_cross_adapter_bert_ms,0.0,0.0,0.0,0.0,0.0,0.0
/person/athlete,bbn_kenn_cross_adapter_bert_ms,0.4722222288449605,0.21212121844291687,0.28306060036023456,0.20971763241259814,0.052486389672364055,0.0712445101989203
/person/soldier,bbn_kenn_cross_adapter_bert_ms,0.0,0.0,0.0,0.0,0.0,0.0
/people,bbn_kenn_cross_adapter_bert_ms,0.5231481492519379,0.9333333373069763,0.6691086689631144,0.09247677801423056,0.1154700469553736,0.09892373098204608
/written_work,bbn_kenn_cross_adapter_bert_ms,0.4444444477558136,0.1428571492433548,0.21481482684612274,0.09622503912947801,0.0,0.012830013820453161
/art,bbn_kenn_cross_adapter_bert_ms,0.0,0.0,0.0,0.0,0.0,0.0
/location/country,bbn_kenn_cross_adapter_bert_ms,1.0,0.13888889054457346,0.23589744170506796,0.0,0.09622504343107272,0.14211698947134158
/location,bbn_kenn_cross_adapter_bert_ms,0.6489766240119934,0.4967320462067922,0.5626794695854187,0.03808556668199999,0.04081699465147548,0.04044812214775232
/building/sports_facility,bbn_kenn_cross_adapter_bert_ms,1.0,0.6000000238418579,0.75,0.0,0.0,0.0
/medicine,bbn_kenn_cross_adapter_bert_ms,0.75,1.0,0.8571428656578064,0.0,0.0,0.0
/organization/sports_team,bbn_kenn_cross_adapter_bert_ms,0.9347222248713175,0.4838709632555644,0.631674607594808,0.01683936679207716,0.12903226912021665,0.11687590577783384
/organization/educational_institution,bbn_kenn_cross_adapter_bert_ms,0.5,0.043478261679410934,0.07716049502293269,0.5,0.043478261679410934,0.0742667254178747
/location/province,bbn_kenn_cross_adapter_bert_ms,0.7916666666666666,0.523809532324473,0.6040403842926025,0.19094065395649332,0.16495722714262687,0.060707019027380155
/location/city,bbn_kenn_cross_adapter_bert_ms,0.7222222288449606,0.24786325295766196,0.3626173834005992,0.15752716133565164,0.053376056438235855,0.04670704252900416
/military,bbn_kenn_cross_adapter_bert_ms,0.9166666666666666,0.8888888955116272,0.8857142925262451,0.14433756729740646,0.19245007825895602,0.10301574458732532
/time,bbn_kenn_cross_adapter_bert_ms,0.9378787875175476,0.7692307631174723,0.8448067307472229,0.025034387703897917,0.03846153616905596,0.02639791506172939
/organization,bbn_kenn_cross_adapter_bert_ms,0.8134310245513916,0.386178861061732,0.5220625301202139,0.015752334516882648,0.04928598599932499,0.04370205920760076
/person/artist,bbn_kenn_cross_adapter_bert_ms,0.3333333333333333,0.16666666666666666,0.22222222884496054,0.5773502691896258,0.2886751345948129,0.38490019093066974
/transportation/road,bbn_kenn_cross_adapter_bert_ms,0.700000007947286,0.75,0.7222222288449606,0.0866025266133408,0.0,0.048112510961549594
/organization/company,bbn_kenn_cross_adapter_bert_ms,0.41103896498680115,0.2142857164144516,0.2779304087162018,0.05443325828652501,0.0357142835855484,0.018873126130717777
/person,bbn_kenn_cross_adapter_bert_ms,0.9298660755157471,0.7595628499984741,0.8358065684636434,0.008418621175366205,0.034856138604766114,0.0207713798669587
/news_agency,bbn_kenn_cross_adapter_bert_ms,0.43492064873377484,1.0,0.5995671153068542,0.12282884811030519,0.0,0.11621986819816409
/education,bbn_kenn_cross_adapter_bert_ms,0.3078703780968984,0.9333333373069763,0.4605204562346141,0.028065635490994858,0.1154700469553736,0.022464932406004744
/education/department,bbn_kenn_cross_adapter_bert_ms,0.22222222884496054,0.6666666666666666,0.3333333333333333,0.19245009546533487,0.5773502691896258,0.2886751345948129
/person/politician,bbn_kenn_cross_adapter_bert_ms,0.0,0.0,0.0,0.0,0.0,0.0
/organization/sports_league,bbn_kenn_cross_vertical_bottom_up_adapter_bert_ms,1.0,0.3333333333333333,0.4969697097937266,0.0,0.07216878364870323,0.08397822691705825
/people/ethnicity,bbn_kenn_cross_vertical_bottom_up_adapter_bert_ms,0.5595238109429678,0.8666666746139526,0.6794871886571249,0.11340808613276525,0.2309400939107472,0.15544046503092027
/living_thing/animal,bbn_kenn_cross_vertical_bottom_up_adapter_bert_ms,0.0,0.0,0.0,0.0,0.0,0.0
/government_agency,bbn_kenn_cross_vertical_bottom_up_adapter_bert_ms,0.5888889034589132,0.375,0.44172494610150653,0.08388706007038475,0.125,0.07030783174930906
/event,bbn_kenn_cross_vertical_bottom_up_adapter_bert_ms,0.0,0.0,0.0,0.0,0.0,0.0
/product,bbn_kenn_cross_vertical_bottom_up_adapter_bert_ms,0.19824660817782083,0.75,0.3128851652145386,0.02870022208773495,0.0,0.03541728330984149
/transportation,bbn_kenn_cross_vertical_bottom_up_adapter_bert_ms,0.49166667461395264,0.75,0.5888889034589132,0.11273125527643814,0.0,0.08388706007038475
/building,bbn_kenn_cross_vertical_bottom_up_adapter_bert_ms,0.25757576028505963,1.0,0.40824300050735474,0.04595885970058368,0.0,0.05728652286677223
/living_thing,bbn_kenn_cross_vertical_bottom_up_adapter_bert_ms,0.16666666666666666,0.11111111442248027,0.13333333532015482,0.2886751345948129,0.19245009546533487,0.2309401111171261
/person/athlete,bbn_kenn_cross_vertical_bottom_up_adapter_bert_ms,0.5674603283405304,0.21212121844291687,0.3026455193758011,0.24753126931170025,0.052486389672364055,0.09009016195035037
/person/soldier,bbn_kenn_cross_vertical_bottom_up_adapter_bert_ms,0.0,0.0,0.0,0.0,0.0,0.0
/people,bbn_kenn_cross_vertical_bottom_up_adapter_bert_ms,0.5416666666666666,1.0,0.7008547186851501,0.07216878364870322,0.0,0.05921540869506339
/written_work,bbn_kenn_cross_vertical_bottom_up_adapter_bert_ms,0.4444444477558136,0.1428571492433548,0.21481482684612274,0.09622503912947801,0.0,0.012830013820453161
/art,bbn_kenn_cross_vertical_bottom_up_adapter_bert_ms,0.3333333333333333,0.023809524873892467,0.044444446762402855,0.5773502691896258,0.04123930678565672,0.07698003990677184
/location/country,bbn_kenn_cross_vertical_bottom_up_adapter_bert_ms,0.6666666666666666,0.16666666666666666,0.26666667064030963,0.5773502691896258,0.14433756729740646,0.2309401111171261
/location,bbn_kenn_cross_vertical_bottom_up_adapter_bert_ms,0.6625175873438517,0.5196078618367513,0.5824093023935953,0.01104394872540402,0.009803920984283301,0.009775424931622858
/building/sports_facility,bbn_kenn_cross_vertical_bottom_up_adapter_bert_ms,1.0,0.6000000238418579,0.75,0.0,0.0,0.0
/medicine,bbn_kenn_cross_vertical_bottom_up_adapter_bert_ms,0.75,1.0,0.8571428656578064,0.0,0.0,0.0
/organization/sports_team,bbn_kenn_cross_vertical_bottom_up_adapter_bert_ms,0.9458333253860474,0.3978494505087535,0.5560771028200785,0.05051815936953111,0.09855001200826756,0.10410296729218108
/organization/educational_institution,bbn_kenn_cross_vertical_bottom_up_adapter_bert_ms,0.5,0.028985507786273956,0.05444444715976715,0.5,0.025102186084504895,0.047179721728504265
/location/province,bbn_kenn_cross_vertical_bottom_up_adapter_bert_ms,0.7638888955116272,0.5714285870393118,0.6273504296938578,0.20553678123085048,0.14285714924335505,0.03490699196535661
/location/city,bbn_kenn_cross_vertical_bottom_up_adapter_bert_ms,0.6920634905497233,0.17094017565250397,0.2689142922560374,0.12420569685010353,0.0533760480869018,0.06227603172745442
/military,bbn_kenn_cross_vertical_bottom_up_adapter_bert_ms,0.8333333333333334,0.8888888955116272,0.8380952477455139,0.14433756729740643,0.19245007825895602,0.032991441987249605
/time,bbn_kenn_cross_vertical_bottom_up_adapter_bert_ms,0.9371572931607565,0.7564102609952291,0.8368280331293741,0.02433531480366935,0.02220579546702764,0.012849953188754922
/organization,bbn_kenn_cross_vertical_bottom_up_adapter_bert_ms,0.8338671525319418,0.4390243987242381,0.5733564694722494,0.01693608679108462,0.06453052019416886,0.05799471542887513
/person/artist,bbn_kenn_cross_vertical_bottom_up_adapter_bert_ms,0.3333333333333333,0.08333333333333333,0.13333333532015482,0.5773502691896258,0.14433756729740646,0.2309401111171261
/transportation/road,bbn_kenn_cross_vertical_bottom_up_adapter_bert_ms,0.7222222288449606,0.6666666666666666,0.6904761791229248,0.04811251096154957,0.14433756729740646,0.10309828201972329
/organization/company,bbn_kenn_cross_vertical_bottom_up_adapter_bert_ms,0.4329966406027476,0.13095238556464514,0.19794620821873346,0.02901880556199848,0.05455447337192311,0.06942607011449979
/person,bbn_kenn_cross_vertical_bottom_up_adapter_bert_ms,0.9299109776814779,0.7609289685885111,0.8367292086283366,0.007646053799484004,0.03183381202785397,0.01990631192956576
/news_agency,bbn_kenn_cross_vertical_bottom_up_adapter_bert_ms,0.4904429018497467,1.0,0.630936861038208,0.26953967727979433,0.0,0.22558523631678848
/education,bbn_kenn_cross_vertical_bottom_up_adapter_bert_ms,0.3139636516571045,1.0,0.4755892256895701,0.06311400689703663,0.0,0.07179593989404451
/education/department,bbn_kenn_cross_vertical_bottom_up_adapter_bert_ms,0.2878787914911906,0.6666666666666666,0.40000001589457196,0.2584654880917359,0.5773502691896258,0.35276685424139376
/person/politician,bbn_kenn_cross_vertical_bottom_up_adapter_bert_ms,0.0,0.0,0.0,0.0,0.0,0.0
/organization/sports_league,bbn_kenn_cross_vertical_hybrid_adapter_bert_ms,1.0,0.3333333333333333,0.4969697097937266,0.0,0.07216878364870323,0.08397822691705825
/people/ethnicity,bbn_kenn_cross_vertical_hybrid_adapter_bert_ms,0.5416666666666666,1.0,0.7008547186851501,0.07216878364870322,0.0,0.05921540869506339
/living_thing/animal,bbn_kenn_cross_vertical_hybrid_adapter_bert_ms,0.11111111442248027,0.11111111442248027,0.11111111442248027,0.19245009546533487,0.19245009546533487,0.19245009546533487
/government_agency,bbn_kenn_cross_vertical_hybrid_adapter_bert_ms,0.4333333373069763,0.375,0.3935694098472595,0.0577350234776868,0.125,0.07479401324038278
/event,bbn_kenn_cross_vertical_hybrid_adapter_bert_ms,0.0,0.0,0.0,0.0,0.0,0.0
/product,bbn_kenn_cross_vertical_hybrid_adapter_bert_ms,0.33089133600393933,0.75,0.45331137379010517,0.09892370909521844,0.0,0.096519985926092
/transportation,bbn_kenn_cross_vertical_hybrid_adapter_bert_ms,0.4583333333333333,0.6666666666666666,0.5333333412806193,0.07216878364870322,0.14433756729740646,0.057735040684065646
/building,bbn_kenn_cross_vertical_hybrid_adapter_bert_ms,0.3129749894142151,1.0,0.47459302345911664,0.06065024686311124,0.0,0.06979537662262333
/living_thing,bbn_kenn_cross_vertical_hybrid_adapter_bert_ms,0.0,0.0,0.0,0.0,0.0,0.0
/person/athlete,bbn_kenn_cross_vertical_hybrid_adapter_bert_ms,0.5119047661622366,0.21212121844291687,0.2962963134050369,0.23237167587822574,0.052486389672364055,0.09251850601853641
/person/soldier,bbn_kenn_cross_vertical_hybrid_adapter_bert_ms,0.0,0.0,0.0,0.0,0.0,0.0
/people,bbn_kenn_cross_vertical_hybrid_adapter_bert_ms,0.5833333333333334,0.8666666746139526,0.694638709227244,0.07216878364870323,0.2309400939107472,0.1291972615915488
/written_work,bbn_kenn_cross_vertical_hybrid_adapter_bert_ms,0.34444444874922436,0.1428571492433548,0.1962963044643402,0.15030832329493818,0.0,0.02796235500155114
/art,bbn_kenn_cross_vertical_hybrid_adapter_bert_ms,0.0,0.0,0.0,0.0,0.0,0.0
/location/country,bbn_kenn_cross_vertical_hybrid_adapter_bert_ms,1.0,0.3055555522441864,0.46274511019388836,0.0,0.09622503912947801,0.1086777084584952
/location,bbn_kenn_cross_vertical_hybrid_adapter_bert_ms,0.6702043612798055,0.4901960790157318,0.565946618715922,0.01595100553770529,0.01698088925814318,0.007473155454605492
/building/sports_facility,bbn_kenn_cross_vertical_hybrid_adapter_bert_ms,1.0,0.7333333492279053,0.8333333333333334,0.0,0.2309400939107472,0.14433756729740643
/medicine,bbn_kenn_cross_vertical_hybrid_adapter_bert_ms,0.75,1.0,0.8571428656578064,0.0,0.0,0.0
/organization/sports_team,bbn_kenn_cross_vertical_hybrid_adapter_bert_ms,0.9511784513791403,0.44086021184921265,0.5974300702412924,0.04582711943393251,0.11328661026039316,0.11094101297442696
/organization/educational_institution,bbn_kenn_cross_vertical_hybrid_adapter_bert_ms,0.5555555621782938,0.043478261679410934,0.07905983179807663,0.5091750793851156,0.043478261679410934,0.0770120596505852
/location/province,bbn_kenn_cross_vertical_hybrid_adapter_bert_ms,0.6666666666666666,0.619047631820043,0.6262626250584921,0.07216878364870322,0.16495722714262687,0.06998188730924311
/location/city,bbn_kenn_cross_vertical_hybrid_adapter_bert_ms,0.7158249020576477,0.23076923688252768,0.34443729122479755,0.15999926841906592,0.05128205567598361,0.056575441897898565
/military,bbn_kenn_cross_vertical_hybrid_adapter_bert_ms,0.7833333412806193,1.0,0.8690476218859354,0.2020725834009311,0.0,0.12542444903462158
/time,bbn_kenn_cross_vertical_hybrid_adapter_bert_ms,0.9378787875175476,0.7692307631174723,0.8448067307472229,0.025034387703897917,0.03846153616905596,0.02639791506172939
/organization,bbn_kenn_cross_vertical_hybrid_adapter_bert_ms,0.8628953099250793,0.4288617968559265,0.5711004336675009,0.019838554115175516,0.05465174600313128,0.04692618492579908
/person/artist,bbn_kenn_cross_vertical_hybrid_adapter_bert_ms,0.3333333333333333,0.08333333333333333,0.13333333532015482,0.5773502691896258,0.14433756729740646,0.2309401111171261
/transportation/road,bbn_kenn_cross_vertical_hybrid_adapter_bert_ms,0.592857152223587,0.75,0.6540403962135315,0.16083328762924792,0.0,0.10285563952776103
/organization/company,bbn_kenn_cross_vertical_hybrid_adapter_bert_ms,0.41856061418851215,0.190476194024086,0.2599067687988281,0.048323297453885763,0.05455446930729814,0.05660784114711031
/person,bbn_kenn_cross_vertical_hybrid_adapter_bert_ms,0.934941291809082,0.7445355256398519,0.8288538654645284,0.014623061605394758,0.01706281572071216,0.012845937793126384
/news_agency,bbn_kenn_cross_vertical_hybrid_adapter_bert_ms,0.34343435366948444,1.0,0.5086048742135366,0.06892412602312761,0.0,0.07817834620286042
/education,bbn_kenn_cross_vertical_hybrid_adapter_bert_ms,0.32428357005119324,1.0,0.48821548620859784,0.052248890025055894,0.0,0.05831818206977308
/education/department,bbn_kenn_cross_vertical_hybrid_adapter_bert_ms,0.29237892230351764,0.75,0.4175465255975723,0.16027184373072656,0.4330127018922193,0.2290131505846018
/person/politician,bbn_kenn_cross_vertical_hybrid_adapter_bert_ms,0.0,0.0,0.0,0.0,0.0,0.0
/organization/sports_league,bbn_kenn_cross_vertical_top_down_adapter_bert_ms,0.9629629651705424,0.5416666666666666,0.6288770337899526,0.06415002608631867,0.40181878170803975,0.28006693874803795
/people/ethnicity,bbn_kenn_cross_vertical_top_down_adapter_bert_ms,0.4292929271856944,1.0,0.6004902124404907,0.021869341934935834,0.0,0.021226098667894832
/living_thing/animal,bbn_kenn_cross_vertical_top_down_adapter_bert_ms,0.0,0.0,0.0,0.0,0.0,0.0
/government_agency,bbn_kenn_cross_vertical_top_down_adapter_bert_ms,0.4314814905325572,0.375,0.3940422435601552,0.17535972418803658,0.125,0.12482628201244737
/event,bbn_kenn_cross_vertical_top_down_adapter_bert_ms,0.0,0.0,0.0,0.0,0.0,0.0
/product,bbn_kenn_cross_vertical_top_down_adapter_bert_ms,0.333766241868337,0.75,0.45800866683324176,0.08322841245481168,0.0,0.07706595998363837
/transportation,bbn_kenn_cross_vertical_top_down_adapter_bert_ms,0.7222222288449606,0.6666666666666666,0.6904761791229248,0.04811251096154957,0.14433756729740646,0.10309828201972329
/building,bbn_kenn_cross_vertical_top_down_adapter_bert_ms,0.35836759209632874,0.9803921580314636,0.5174136857191721,0.10696514866610372,0.033961778516286435,0.1089238441174321
/living_thing,bbn_kenn_cross_vertical_top_down_adapter_bert_ms,0.0,0.0,0.0,0.0,0.0,0.0
/person/athlete,bbn_kenn_cross_vertical_top_down_adapter_bert_ms,0.37777779002984363,0.24242424964904785,0.2884920835494995,0.20367004150914608,0.052486389672364055,0.09279862299258645
/person/soldier,bbn_kenn_cross_vertical_top_down_adapter_bert_ms,0.0,0.0,0.0,0.0,0.0,0.0
/people,bbn_kenn_cross_vertical_top_down_adapter_bert_ms,0.5833333333333334,0.8666666746139526,0.694638709227244,0.07216878364870323,0.2309400939107472,0.1291972615915488
/written_work,bbn_kenn_cross_vertical_top_down_adapter_bert_ms,0.3055555621782939,0.1428571492433548,0.19393939773241678,0.04811252816792843,0.0,0.010497276213834927
/art,bbn_kenn_cross_vertical_top_down_adapter_bert_ms,0.3333333333333333,0.023809524873892467,0.044444446762402855,0.5773502691896258,0.04123930678565672,0.07698003990677184
/location/country,bbn_kenn_cross_vertical_top_down_adapter_bert_ms,1.0,0.2777777810891469,0.4333333373069763,0.0,0.04811252816792843,0.0577350234776868
/location,bbn_kenn_cross_vertical_top_down_adapter_bert_ms,0.6805681188901266,0.4444444477558136,0.5371121168136597,0.011595691103023761,0.03151519668688424,0.019862644443142417
/building/sports_facility,bbn_kenn_cross_vertical_top_down_adapter_bert_ms,0.9047619104385376,0.7333333492279053,0.7777777910232544,0.16495720993624802,0.2309400939107472,0.048112545374307286
/medicine,bbn_kenn_cross_vertical_top_down_adapter_bert_ms,0.75,1.0,0.8571428656578064,0.0,0.0,0.0
/organization/sports_team,bbn_kenn_cross_vertical_top_down_adapter_bert_ms,0.9407096107800802,0.5268817047278086,0.6712250510851542,0.011911639892129471,0.11328659611683643,0.0958078540998754
/organization/educational_institution,bbn_kenn_cross_vertical_top_down_adapter_bert_ms,0.40000000099341076,0.043478261679410934,0.07714286198218663,0.5291502616497071,0.043478261679410934,0.08015292082026387
/location/province,bbn_kenn_cross_vertical_top_down_adapter_bert_ms,0.625,0.523809532324473,0.5578865508238474,0.125,0.16495722714262687,0.10312765785140379
/location/city,bbn_kenn_cross_vertical_top_down_adapter_bert_ms,0.6948412656784058,0.2649572690327962,0.3732226888338725,0.18473616063495066,0.05921541729825284,0.03689051891518922
/military,bbn_kenn_cross_vertical_top_down_adapter_bert_ms,0.8333333333333334,0.8888888955116272,0.8380952477455139,0.14433756729740643,0.19245007825895602,0.032991441987249605
/time,bbn_kenn_cross_vertical_top_down_adapter_bert_ms,0.9252525369326273,0.7820512851079305,0.8464734156926473,0.021764081695058977,0.05875097995312199,0.02926006048612934
/organization,bbn_kenn_cross_vertical_top_down_adapter_bert_ms,0.8398061990737915,0.31707317133744556,0.4556804796059926,0.04934295291206822,0.10074823988193513,0.11732433839657946
/person/artist,bbn_kenn_cross_vertical_top_down_adapter_bert_ms,0.3333333333333333,0.08333333333333333,0.13333333532015482,0.5773502691896258,0.14433756729740646,0.2309401111171261
/transportation/road,bbn_kenn_cross_vertical_top_down_adapter_bert_ms,0.4777777890364329,0.75,0.576068381468455,0.13471506830056731,0.0,0.10463719522275015
/organization/company,bbn_kenn_cross_vertical_top_down_adapter_bert_ms,0.43365080157915753,0.2619047711292903,0.3147356112798055,0.14725096410798283,0.04123931108725143,0.012355672481891884
/person,bbn_kenn_cross_vertical_top_down_adapter_bert_ms,0.9386682510375977,0.7281420826911926,0.8198869625727335,0.013855103073157772,0.02257201419498554,0.012398273892379437
/news_agency,bbn_kenn_cross_vertical_top_down_adapter_bert_ms,0.3582491676012675,1.0,0.5232568879922231,0.08901123594476407,0.0,0.09755706275224416
/education,bbn_kenn_cross_vertical_top_down_adapter_bert_ms,0.3434829115867615,0.8000000019868215,0.4651274581750234,0.037113578719155355,0.3464101580724997,0.09643667683239995
/education/department,bbn_kenn_cross_vertical_top_down_adapter_bert_ms,0.2235042800505956,1.0,0.36257311701774597,0.06089856214426786,0.0,0.0837217834349729
/person/politician,bbn_kenn_cross_vertical_top_down_adapter_bert_ms,0.0,0.0,0.0,0.0,0.0,0.0
/organization/sports_league,bbn_kenn_vertical_bottom_up_adapter_bert_ms,1.0,0.25,0.38922559718290967,0.0,0.125,0.16188530498021525
/people/ethnicity,bbn_kenn_vertical_bottom_up_adapter_bert_ms,0.5833333333333334,0.8666666746139526,0.694638709227244,0.07216878364870323,0.2309400939107472,0.1291972615915488
/living_thing/animal,bbn_kenn_vertical_bottom_up_adapter_bert_ms,0.0,0.0,0.0,0.0,0.0,0.0
/government_agency,bbn_kenn_vertical_bottom_up_adapter_bert_ms,0.5571428736050924,0.3333333333333333,0.39829060932000476,0.05150788882501696,0.19094065395649334,0.17543659892441898
/event,bbn_kenn_vertical_bottom_up_adapter_bert_ms,0.0,0.0,0.0,0.0,0.0,0.0
/product,bbn_kenn_vertical_bottom_up_adapter_bert_ms,0.19275210301081339,0.75,0.30634920795758563,0.019446962139691694,0.0,0.024436179419303736
/transportation,bbn_kenn_vertical_bottom_up_adapter_bert_ms,0.46785715222358704,0.75,0.5707070628801981,0.1175320317763525,0.0,0.08615517958533267
/building,bbn_kenn_vertical_bottom_up_adapter_bert_ms,0.24739847083886465,1.0,0.3957618772983551,0.036429419431801176,0.0,0.04629216562990732
/living_thing,bbn_kenn_vertical_bottom_up_adapter_bert_ms,0.16666666666666666,0.11111111442248027,0.13333333532015482,0.2886751345948129,0.19245009546533487,0.2309401111171261
/person/athlete,bbn_kenn_vertical_bottom_up_adapter_bert_ms,0.4166666666666667,0.12121212482452393,0.18730160097281137,0.5204164998665332,0.1388659342887042,0.219323515648776
/person/soldier,bbn_kenn_vertical_bottom_up_adapter_bert_ms,0.0,0.0,0.0,0.0,0.0,0.0
/people,bbn_kenn_vertical_bottom_up_adapter_bert_ms,0.5416666666666666,1.0,0.7008547186851501,0.07216878364870322,0.0,0.05921540869506339
/written_work,bbn_kenn_vertical_bottom_up_adapter_bert_ms,0.4444444477558136,0.1428571492433548,0.21481482684612274,0.09622503912947801,0.0,0.012830013820453161
/art,bbn_kenn_vertical_bottom_up_adapter_bert_ms,0.16666666666666666,0.023809524873892467,0.041666666666666664,0.2886751345948129,0.04123930678565672,0.07216878364870323
/location/country,bbn_kenn_vertical_bottom_up_adapter_bert_ms,0.3333333333333333,0.08333333333333333,0.13333333532015482,0.5773502691896258,0.14433756729740646,0.2309401111171261
/location,bbn_kenn_vertical_bottom_up_adapter_bert_ms,0.6658658782641093,0.5261437892913818,0.5876592795054117,0.02523309444842588,0.01132059283876212,0.013028403777160406
/building/sports_facility,bbn_kenn_vertical_bottom_up_adapter_bert_ms,1.0,0.6000000238418579,0.75,0.0,0.0,0.0
/medicine,bbn_kenn_vertical_bottom_up_adapter_bert_ms,0.75,1.0,0.8571428656578064,0.0,0.0,0.0
/organization/sports_team,bbn_kenn_vertical_bottom_up_adapter_bert_ms,0.9583333333333334,0.23655913273493448,0.377766211827596,0.07216878364870322,0.04927500600413379,0.0649110539851524
/organization/educational_institution,bbn_kenn_vertical_bottom_up_adapter_bert_ms,0.3333333333333333,0.014492753893136978,0.027777778605620067,0.5773502691896258,0.025102186084504895,0.04811252386633372
/location/province,bbn_kenn_vertical_bottom_up_adapter_bert_ms,0.9047619104385376,0.523809532324473,0.6380952000617981,0.16495720993624802,0.16495722714262687,0.06598288397449921
/location/city,bbn_kenn_vertical_bottom_up_adapter_bert_ms,0.6404762069384257,0.11111111442248027,0.18611530462900797,0.09592016233967993,0.039167315362172356,0.05373096211126098
/military,bbn_kenn_vertical_bottom_up_adapter_bert_ms,0.8333333333333334,0.8888888955116272,0.8380952477455139,0.14433756729740643,0.19245007825895602,0.032991441987249605
/time,bbn_kenn_vertical_bottom_up_adapter_bert_ms,0.9371572931607565,0.7564102609952291,0.8368280331293741,0.02433531480366935,0.02220579546702764,0.012849953188754922
/organization,bbn_kenn_vertical_bottom_up_adapter_bert_ms,0.866703987121582,0.43089430530865985,0.5742350419362386,0.016784288355364982,0.04616998712721131,0.038633501400746895
/person/artist,bbn_kenn_vertical_bottom_up_adapter_bert_ms,0.0,0.0,0.0,0.0,0.0,0.0
/transportation/road,bbn_kenn_vertical_bottom_up_adapter_bert_ms,0.7222222288449606,0.6666666666666666,0.6904761791229248,0.04811251096154957,0.14433756729740646,0.10309828201972329
/organization/company,bbn_kenn_vertical_bottom_up_adapter_bert_ms,0.3571428656578064,0.0714285746216774,0.11785714824994405,0.31134993332920474,0.0714285746216774,0.11445301038897514
/person,bbn_kenn_vertical_bottom_up_adapter_bert_ms,0.9285724759101868,0.7472677628199259,0.8278653025627136,0.006403386053581942,0.03533476297004372,0.02379080417461704
/news_agency,bbn_kenn_vertical_bottom_up_adapter_bert_ms,0.43290044864018756,1.0,0.5979798237482706,0.11996889559579751,0.0,0.11197095775182511
/education,bbn_kenn_vertical_bottom_up_adapter_bert_ms,0.32428357005119324,1.0,0.48821548620859784,0.052248890025055894,0.0,0.05831818206977308
/education/department,bbn_kenn_vertical_bottom_up_adapter_bert_ms,0.3571428656578064,0.6666666666666666,0.46464647849400836,0.31134993332920474,0.5773502691896258,0.4035350495098809
/person/politician,bbn_kenn_vertical_bottom_up_adapter_bert_ms,0.0,0.0,0.0,0.0,0.0,0.0
/organization/sports_league,bbn_kenn_vertical_hybrid_adapter_bert_ms,1.0,0.2916666666666667,0.4484848578770955,0.0,0.07216878364870323,0.08397822691705825
/people/ethnicity,bbn_kenn_vertical_hybrid_adapter_bert_ms,0.5265151560306549,1.0,0.686965823173523,0.08826651112678204,0.0,0.07422715743831079
/living_thing/animal,bbn_kenn_vertical_hybrid_adapter_bert_ms,0.11111111442248027,0.11111111442248027,0.11111111442248027,0.19245009546533487,0.19245009546533487,0.19245009546533487
/government_agency,bbn_kenn_vertical_hybrid_adapter_bert_ms,0.3333333383003871,0.3333333333333333,0.3238095243771871,0.16666666418313986,0.19094065395649334,0.15735916624987864
/event,bbn_kenn_vertical_hybrid_adapter_bert_ms,0.0,0.0,0.0,0.0,0.0,0.0
/product,bbn_kenn_vertical_hybrid_adapter_bert_ms,0.27136752506097156,0.75,0.39649320642153424,0.05451859847591555,0.0,0.0574004272897171
/transportation,bbn_kenn_vertical_hybrid_adapter_bert_ms,0.4583333333333333,0.6666666666666666,0.5333333412806193,0.07216878364870322,0.14433756729740646,0.057735040684065646
/building,bbn_kenn_vertical_hybrid_adapter_bert_ms,0.2904057850440343,1.0,0.44808711608250934,0.05739842546197765,0.0,0.06789075692408572
/living_thing,bbn_kenn_vertical_hybrid_adapter_bert_ms,0.0,0.0,0.0,0.0,0.0,0.0
/person/athlete,bbn_kenn_vertical_hybrid_adapter_bert_ms,0.6666666766007742,0.21212121844291687,0.3165266315142314,0.3333333283662797,0.052486389672364055,0.10025508164799132
/person/soldier,bbn_kenn_vertical_hybrid_adapter_bert_ms,0.0,0.0,0.0,0.0,0.0,0.0
/people,bbn_kenn_vertical_hybrid_adapter_bert_ms,0.5833333333333334,0.8666666746139526,0.694638709227244,0.07216878364870323,0.2309400939107472,0.1291972615915488
/written_work,bbn_kenn_vertical_hybrid_adapter_bert_ms,0.28888889650503796,0.1428571492433548,0.18888889253139496,0.07698003990677184,0.0,0.019245007825895603
/art,bbn_kenn_vertical_hybrid_adapter_bert_ms,0.0,0.0,0.0,0.0,0.0,0.0
/location/country,bbn_kenn_vertical_hybrid_adapter_bert_ms,1.0,0.3055555522441864,0.46274511019388836,0.0,0.09622503912947801,0.1086777084584952
/location,bbn_kenn_vertical_hybrid_adapter_bert_ms,0.6884725292523702,0.4967320462067922,0.5766603549321493,0.01571835097654897,0.022641202883903082,0.010480753888425091
/building/sports_facility,bbn_kenn_vertical_hybrid_adapter_bert_ms,1.0,0.800000011920929,0.879629651705424,0.0,0.19999998807907104,0.12525694002625407
/medicine,bbn_kenn_vertical_hybrid_adapter_bert_ms,0.75,1.0,0.8571428656578064,0.0,0.0,0.0
/organization/sports_team,bbn_kenn_vertical_hybrid_adapter_bert_ms,0.9470588167508444,0.4193548262119293,0.5759710868199667,0.050258856517423685,0.11630810219387702,0.12066327942721362
/organization/educational_institution,bbn_kenn_vertical_hybrid_adapter_bert_ms,0.5,0.028985507786273956,0.05444444715976715,0.5,0.025102186084504895,0.047179721728504265
/location/province,bbn_kenn_vertical_hybrid_adapter_bert_ms,0.7416666746139526,0.523809532324473,0.5888888835906982,0.22407215345896284,0.16495722714262687,0.08388705612297488
/location/city,bbn_kenn_vertical_hybrid_adapter_bert_ms,0.6666666666666666,0.17948718617359796,0.2772404948870341,0.19094065395649334,0.07692308351397517,0.09834849655239733
/military,bbn_kenn_vertical_hybrid_adapter_bert_ms,0.7833333412806193,1.0,0.8690476218859354,0.2020725834009311,0.0,0.12542444903462158
/time,bbn_kenn_vertical_hybrid_adapter_bert_ms,0.9393312136332194,0.7948718070983887,0.860785444577535,0.026270560128574174,0.044411556521297545,0.03339172813714759
/organization,bbn_kenn_vertical_hybrid_adapter_bert_ms,0.8538543581962585,0.3658536672592163,0.5103630920251211,0.03220383004586204,0.05816702055242817,0.05592199352223884
/person/artist,bbn_kenn_vertical_hybrid_adapter_bert_ms,0.3333333333333333,0.08333333333333333,0.13333333532015482,0.5773502691896258,0.14433756729740646,0.2309401111171261
/transportation/road,bbn_kenn_vertical_hybrid_adapter_bert_ms,0.6166666746139526,0.75,0.6722222367922465,0.1258305723422143,0.0,0.07515415035683244
/organization/company,bbn_kenn_vertical_hybrid_adapter_bert_ms,0.475000003973643,0.13095238556464514,0.20317208021879196,0.12990380712639005,0.0545544733719231,0.07854148571128189
/person,bbn_kenn_vertical_hybrid_adapter_bert_ms,0.9326805273691813,0.7172131339708964,0.8105671803156534,0.014361563783394956,0.032009216167427704,0.02108767252132236
/news_agency,bbn_kenn_vertical_hybrid_adapter_bert_ms,0.29523810744285583,1.0,0.45516571402549744,0.03433858152910844,0.0,0.04055094485279732
/education,bbn_kenn_vertical_hybrid_adapter_bert_ms,0.3611111144224803,1.0,0.529411772886912,0.04811251096154957,0.0,0.0509426849808084
/education/department,bbn_kenn_vertical_hybrid_adapter_bert_ms,0.37671958406766254,0.8333333333333334,0.5168165365854899,0.0818858876997627,0.28867513459481287,0.13446618512086778
/person/politician,bbn_kenn_vertical_hybrid_adapter_bert_ms,0.0,0.0,0.0,0.0,0.0,0.0
/organization/sports_league,bbn_kenn_vertical_top_down_adapter_bert_ms,0.8796296318372091,0.5833333333333334,0.6622103651364645,0.12525693782319722,0.36084391824351614,0.24265844658064317
/people/ethnicity,bbn_kenn_vertical_top_down_adapter_bert_ms,0.47558923562367755,1.0,0.642507016658783,0.07179598531716481,0.0,0.06482320847377392
/living_thing/animal,bbn_kenn_vertical_top_down_adapter_bert_ms,0.11111111442248027,0.11111111442248027,0.11111111442248027,0.19245009546533487,0.19245009546533487,0.19245009546533487
/government_agency,bbn_kenn_vertical_top_down_adapter_bert_ms,0.3858974476655324,0.3333333333333333,0.3363858511050542,0.18764870307669998,0.19094065395649334,0.15240399473769728
/event,bbn_kenn_vertical_top_down_adapter_bert_ms,0.0,0.0,0.0,0.0,0.0,0.0
/product,bbn_kenn_vertical_top_down_adapter_bert_ms,0.34285715222358704,0.75,0.467532475789388,0.0742307444713116,0.0,0.0674824543042969
/transportation,bbn_kenn_vertical_top_down_adapter_bert_ms,0.7222222288449606,0.6666666666666666,0.6904761791229248,0.04811251096154957,0.14433756729740646,0.10309828201972329
/building,bbn_kenn_vertical_top_down_adapter_bert_ms,0.3339023490746816,0.9803921580314636,0.4931112329165141,0.0838787018853551,0.033961778516286435,0.08852871297703978
/living_thing,bbn_kenn_vertical_top_down_adapter_bert_ms,0.0,0.0,0.0,0.0,0.0,0.0
/person/athlete,bbn_kenn_vertical_top_down_adapter_bert_ms,0.5235042820374171,0.21212121844291687,0.28412700196107227,0.3228334801546836,0.052486389672364055,0.11667478020824426
/person/soldier,bbn_kenn_vertical_top_down_adapter_bert_ms,0.0,0.0,0.0,0.0,0.0,0.0
/people,bbn_kenn_vertical_top_down_adapter_bert_ms,0.5833333333333334,0.8666666746139526,0.694638709227244,0.07216878364870323,0.2309400939107472,0.1291972615915488
/written_work,bbn_kenn_vertical_top_down_adapter_bert_ms,0.3888888955116272,0.1428571492433548,0.2074074149131775,0.09622503912947801,0.0,0.012830013820453161
/art,bbn_kenn_vertical_top_down_adapter_bert_ms,0.0,0.0,0.0,0.0,0.0,0.0
/location/country,bbn_kenn_vertical_top_down_adapter_bert_ms,1.0,0.3055555522441864,0.46274511019388836,0.0,0.09622503912947801,0.1086777084584952
/location,bbn_kenn_vertical_top_down_adapter_bert_ms,0.7056310971577963,0.44771242141723633,0.5472034414609274,0.009848376870595024,0.044208328275006516,0.036181063496422076
/building/sports_facility,bbn_kenn_vertical_top_down_adapter_bert_ms,0.9047619104385376,0.800000011920929,0.8240741093953451,0.16495720993624802,0.19999998807907104,0.06990590773437358
/medicine,bbn_kenn_vertical_top_down_adapter_bert_ms,0.75,1.0,0.8571428656578064,0.0,0.0,0.0
/organization/sports_team,bbn_kenn_vertical_top_down_adapter_bert_ms,0.931319793065389,0.46236557761828107,0.611496090888977,0.01987304960401784,0.13036941173815253,0.12409480895937743
/organization/educational_institution,bbn_kenn_vertical_top_down_adapter_bert_ms,0.6666666766007742,0.08695652211705844,0.14155983179807663,0.3333333283662797,0.0434782598167658,0.053159090186777336
/location/province,bbn_kenn_vertical_top_down_adapter_bert_ms,0.7916666666666666,0.523809532324473,0.6040403842926025,0.19094065395649332,0.16495722714262687,0.060707019027380155
/location/city,bbn_kenn_vertical_top_down_adapter_bert_ms,0.6611110965410868,0.23931624492009482,0.3409363925457001,0.21103798920286335,0.06452850349538841,0.05792792641190914
/military,bbn_kenn_vertical_top_down_adapter_bert_ms,0.8333333333333334,0.8888888955116272,0.8380952477455139,0.14433756729740643,0.19245007825895602,0.032991441987249605
/time,bbn_kenn_vertical_top_down_adapter_bert_ms,0.9544827143351237,0.807692309220632,0.8746743202209473,0.002071109613795855,0.038461536169055975,0.023449358251318452
/organization,bbn_kenn_vertical_top_down_adapter_bert_ms,0.9108662406603495,0.27642276883125305,0.4227883617083232,0.020507233193613993,0.05113718009816365,0.061112242489038515
/person/artist,bbn_kenn_vertical_top_down_adapter_bert_ms,0.3333333333333333,0.16666666666666666,0.22222222884496054,0.5773502691896258,0.2886751345948129,0.38490019093066974
/transportation/road,bbn_kenn_vertical_top_down_adapter_bert_ms,0.420634925365448,0.75,0.5356643199920654,0.08361629464189554,0.0,0.06974803733988322
/organization/company,bbn_kenn_vertical_top_down_adapter_bert_ms,0.3777777850627899,0.2261904776096344,0.27857141693433124,0.10715166873540641,0.020619651242031002,0.025753927881154395
/person,bbn_kenn_vertical_top_down_adapter_bert_ms,0.939117948214213,0.7172131339708964,0.8129891753196716,0.008111698312081287,0.03642701640630763,0.025015306934146823
/news_agency,bbn_kenn_vertical_top_down_adapter_bert_ms,0.3497835596402486,1.0,0.5164021452267965,0.05838862125704734,0.0,0.06516318899783625
/education,bbn_kenn_vertical_top_down_adapter_bert_ms,0.38333333532015484,0.6666666766007742,0.47226892908414203,0.044095846923982995,0.30550504112766963,0.10144078970586833
/education/department,bbn_kenn_vertical_top_down_adapter_bert_ms,0.24523810048898062,1.0,0.39259259899457294,0.04305510281903547,0.0,0.05592472579275757
/person/politician,bbn_kenn_vertical_top_down_adapter_bert_ms,0.033333333830038704,0.06666666766007741,0.044444446762402855,0.05773502777928152,0.11547005555856305,0.07698003990677184
/organization/sports_league,classifier_adapter_bert_ms,1.0,0.5833333333333334,0.7239427367846171,0.0,0.19094065395649334,0.16070362488426324
/people/ethnicity,classifier_adapter_bert_ms,0.46632997194925946,0.9333333373069763,0.6210317413012186,0.0295932550534928,0.1154700469553736,0.04774292169496709
/living_thing/animal,classifier_adapter_bert_ms,0.3333333333333333,0.11111111442248027,0.16666666666666666,0.5773502691896258,0.19245009546533487,0.2886751345948129
/government_agency,classifier_adapter_bert_ms,0.2877193093299866,0.3333333333333333,0.27730294068654376,0.30075314482302434,0.3145764348029479,0.24443935148586451
/event,classifier_adapter_bert_ms,0.28717948993047077,0.3333333333333333,0.29304030537605286,0.25060085799297127,0.3818813079129867,0.2859959291503652
/product,classifier_adapter_bert_ms,0.46936028202374774,0.9166666666666666,0.6051282286643982,0.12013551840993529,0.14433756729740643,0.06725577572767391
/transportation,classifier_adapter_bert_ms,0.600000003973643,1.0,0.7407407760620117,0.17320508763943926,0.0,0.12830008658539505
/building,classifier_adapter_bert_ms,0.41730769475301105,1.0,0.5853038529555002,0.08679449596477393,0.0,0.08749462662434168
/living_thing,classifier_adapter_bert_ms,1.0,0.6666666865348816,0.800000011920929,0.0,0.0,0.0
/person/athlete,classifier_adapter_bert_ms,0.6217948794364929,0.5757575929164886,0.5530864397684733,0.12512321284829545,0.26243194836182027,0.13765292588013708
/person/soldier,classifier_adapter_bert_ms,0.0,0.0,0.0,0.0,0.0,0.0
/people,classifier_adapter_bert_ms,0.3666666696468989,0.6666666716337204,0.46666668852170307,0.15275252218968471,0.4163332001318361,0.24037008723511322
/written_work,classifier_adapter_bert_ms,0.2539682586987813,0.23809524377187094,0.2454212506612142,0.22503884274875222,0.2182178934876924,0.22096749249097422
/art,classifier_adapter_bert_ms,0.0,0.0,0.0,0.0,0.0,0.0
/location/country,classifier_adapter_bert_ms,0.3333333333333333,0.055555557211240135,0.09523809949556987,0.5773502691896258,0.09622504773266743,0.16495722714262687
/location,classifier_adapter_bert_ms,0.9483916560808817,0.36274510622024536,0.5220488508542379,0.06934644665526378,0.05094266777442953,0.04931046044936772
/building/sports_facility,classifier_adapter_bert_ms,0.9047619104385376,0.9333333373069763,0.9074074427286783,0.16495720993624802,0.1154700469553736,0.08486248830115592
/medicine,classifier_adapter_bert_ms,0.7833333412806193,1.0,0.8690476218859354,0.20207258340093107,0.0,0.12542444903462158
/organization/sports_team,classifier_adapter_bert_ms,0.9328449368476868,0.5053763290246328,0.6500272552172343,0.07876167258441324,0.14545966511086383,0.13723656578808024
/organization/educational_institution,classifier_adapter_bert_ms,0.0,0.0,0.0,0.0,0.0,0.0
/location/province,classifier_adapter_bert_ms,0.6666666666666666,0.19047619899113974,0.29629631837209064,0.5773502691896258,0.16495722714262687,0.2566001387580324
/location/city,classifier_adapter_bert_ms,0.5555555621782938,0.04273504329224428,0.07592592636744182,0.5091750793851156,0.05337605196430688,0.09168069758653553
/military,classifier_adapter_bert_ms,0.8666666746139526,0.8888888955116272,0.850000003973643,0.2309400939107472,0.19245007825895602,0.1322875633003859
/time,classifier_adapter_bert_ms,0.9224270184834799,0.9615384538968405,0.9380063811937968,0.08082053669314654,0.06661735198832516,0.0253498452915367
/organization,classifier_adapter_bert_ms,0.9170091152191162,0.40040649970372516,0.5557334820429484,0.014086215468931422,0.05532786904737728,0.05296466944610496
/person/artist,classifier_adapter_bert_ms,0.044444446762402855,0.16666666666666666,0.07017544408639272,0.07698003990677184,0.2886751345948129,0.12154743460134111
/transportation/road,classifier_adapter_bert_ms,0.600000003973643,1.0,0.7407407760620117,0.17320508763943926,0.0,0.12830008658539505
/organization/company,classifier_adapter_bert_ms,0.4344729433457057,0.17857143034537634,0.2419085850318273,0.3055580503666355,0.07142857089638714,0.11874561432327588
/person,classifier_adapter_bert_ms,0.9456318616867065,0.9207650423049927,0.9327933192253112,0.012748378155985046,0.023661902483842673,0.00615165898028652
/news_agency,classifier_adapter_bert_ms,0.37777779002984363,0.75,0.482873871922493,0.23412564691981988,0.25,0.2406189107205103
/education,classifier_adapter_bert_ms,0.2708333383003871,1.0,0.420634925365448,0.09081039522685765,0.0,0.11744958495936944
/education/department,classifier_adapter_bert_ms,0.21091618140538534,1.0,0.34826526045799255,0.01111623906219337,0.0,0.015156303222616175
/person/politician,classifier_adapter_bert_ms,0.25555556019147235,0.6666666766007742,0.3628815809885661,0.009622512516137223,0.2309401111171261,0.04873493223062672
/organization/sports_league,ontonotes_shimaoka_L2AWE_adapter_bert_ms,1.0,0.20833333333333334,0.34074074526627857,0.0,0.07216878364870322,0.1026400503412993
/people/ethnicity,ontonotes_shimaoka_L2AWE_adapter_bert_ms,0.4851851960023244,0.9333333373069763,0.6380952596664429,0.07882888509919724,0.1154700469553736,0.09379864014055651
/living_thing/animal,ontonotes_shimaoka_L2AWE_adapter_bert_ms,0.0,0.0,0.0,0.0,0.0,0.0
/government_agency,ontonotes_shimaoka_L2AWE_adapter_bert_ms,0.5018518616755804,0.5,0.4973604927460353,0.27890512072512275,0.33071891388307384,0.30829130031746454
/event,ontonotes_shimaoka_L2AWE_adapter_bert_ms,0.12962963183720908,0.125,0.12605042258898416,0.03207501734475405,0.0,0.014555039332361866
/product,ontonotes_shimaoka_L2AWE_adapter_bert_ms,0.44880953431129456,0.75,0.5572390755017599,0.10692439371167531,0.25,0.14985056422131235
/transportation,ontonotes_shimaoka_L2AWE_adapter_bert_ms,0.527777781089147,0.75,0.6038461526234945,0.20971761859664895,0.0,0.1442692388924892
/building,ontonotes_shimaoka_L2AWE_adapter_bert_ms,0.36497145891189575,0.9803921580314636,0.5263062218825022,0.09186944048139319,0.03396177851628638,0.0881606992225224
/living_thing,ontonotes_shimaoka_L2AWE_adapter_bert_ms,0.0,0.0,0.0,0.0,0.0,0.0
/person/athlete,ontonotes_shimaoka_L2AWE_adapter_bert_ms,0.0,0.0,0.0,0.0,0.0,0.0
/person/soldier,ontonotes_shimaoka_L2AWE_adapter_bert_ms,0.0,0.0,0.0,0.0,0.0,0.0
/people,ontonotes_shimaoka_L2AWE_adapter_bert_ms,0.4570707082748413,1.0,0.6266340017318726,0.04172402369760365,0.0,0.0392412071411827
/written_work,ontonotes_shimaoka_L2AWE_adapter_bert_ms,0.0,0.0,0.0,0.0,0.0,0.0
/art,ontonotes_shimaoka_L2AWE_adapter_bert_ms,0.3333333333333333,0.023809524873892467,0.044444446762402855,0.5773502691896258,0.04123930678565672,0.07698003990677184
/location/country,ontonotes_shimaoka_L2AWE_adapter_bert_ms,1.0,0.13888889054457346,0.23589744170506796,0.0,0.09622504343107272,0.14211698947134158
/location,ontonotes_shimaoka_L2AWE_adapter_bert_ms,0.8448675870895386,0.4771241943041484,0.6090858379999796,0.018235319826195296,0.034430253113749976,0.024867685106788787
/building/sports_facility,ontonotes_shimaoka_L2AWE_adapter_bert_ms,1.0,1.0,1.0,0.0,0.0,0.0
/medicine,ontonotes_shimaoka_L2AWE_adapter_bert_ms,0.7333333492279053,1.0,0.8333333333333334,0.2309400939107472,0.0,0.14433756729740646
/organization/sports_team,ontonotes_shimaoka_L2AWE_adapter_bert_ms,0.9515872995058695,0.6344085931777954,0.7611865003903707,0.0013746520193248346,0.01862418447050008,0.013933002927257201
/organization/educational_institution,ontonotes_shimaoka_L2AWE_adapter_bert_ms,0.11111111442248027,0.014492753893136978,0.025641026596228283,0.19245009546533487,0.025102186084504895,0.04441156082289225
/location/province,ontonotes_shimaoka_L2AWE_adapter_bert_ms,0.75,0.2857142935196559,0.404040406147639,0.25,0.14285714179277426,0.16536063846552113
/location/city,ontonotes_shimaoka_L2AWE_adapter_bert_ms,0.6759259303410848,0.09401709648470084,0.16034513960282007,0.3852341510605142,0.07833462909849467,0.12350959398708158
/military,ontonotes_shimaoka_L2AWE_adapter_bert_ms,1.0,1.0,1.0,0.0,0.0,0.0
/time,ontonotes_shimaoka_L2AWE_adapter_bert_ms,1.0,0.7692307631174723,0.8669938047726949,0.0,0.10175967100904772,0.06707193176215738
/organization,ontonotes_shimaoka_L2AWE_adapter_bert_ms,0.9063662687937418,0.35975610216458637,0.5147530933221182,0.03502638437644146,0.037090014353154024,0.04308996694975437
/person/artist,ontonotes_shimaoka_L2AWE_adapter_bert_ms,0.07692307730515797,0.25,0.11764706174532573,0.13323467816708204,0.4330127018922193,0.20377068830409698
/transportation/road,ontonotes_shimaoka_L2AWE_adapter_bert_ms,0.600000003973643,0.75,0.6428571542104086,0.25980761425278004,0.0,0.18557685257508963
/organization/company,ontonotes_shimaoka_L2AWE_adapter_bert_ms,0.4722222288449605,0.19047618905703226,0.27105262875556946,0.4589642218936745,0.19669894360806434,0.2750849843932756
/person,ontonotes_shimaoka_L2AWE_adapter_bert_ms,0.9504984617233276,0.8620218634605408,0.9039491216341654,0.0104151900277485,0.019368096863381454,0.007736005410928947
/news_agency,ontonotes_shimaoka_L2AWE_adapter_bert_ms,0.3333333383003871,0.8333333333333334,0.47435898582140607,0.11111111193895348,0.28867513459481287,0.15544046134383943
/education,ontonotes_shimaoka_L2AWE_adapter_bert_ms,0.29479848345120746,1.0,0.455172856648763,0.017371113670943385,0.0,0.020711054834896433
/education/department,ontonotes_shimaoka_L2AWE_adapter_bert_ms,0.2730158865451813,1.0,0.4288499355316162,0.0109971473290832,0.0,0.013505269555350186
/person/politician,ontonotes_shimaoka_L2AWE_adapter_bert_ms,0.031746032337347664,0.13333333532015482,0.051282053192456566,0.05498574094701072,0.2309401111171261,0.0888231216457845
/organization/sports_league,ontonotes_shimaoka_classifier_adapter_bert_ms,1.0,0.20833333333333334,0.34074074526627857,0.0,0.07216878364870322,0.1026400503412993
/people/ethnicity,ontonotes_shimaoka_classifier_adapter_bert_ms,0.5185185273488363,1.0,0.682539701461792,0.03207503024953817,0.0,0.027492868322708003
/living_thing/animal,ontonotes_shimaoka_classifier_adapter_bert_ms,0.0,0.0,0.0,0.0,0.0,0.0
/government_agency,ontonotes_shimaoka_classifier_adapter_bert_ms,0.7222222288449606,0.4583333333333333,0.5497835477193197,0.09622502192309915,0.19094065395649334,0.17632391229248517
/event,ontonotes_shimaoka_classifier_adapter_bert_ms,0.13690476616223654,0.125,0.13055556019147238,0.143228690153095,0.125,0.13342011774438425
/product,ontonotes_shimaoka_classifier_adapter_bert_ms,0.6833333373069763,0.8333333333333334,0.7462963263193766,0.16072751700971563,0.14433756729740646,0.1444800732013508
/transportation,ontonotes_shimaoka_classifier_adapter_bert_ms,0.4777777890364329,0.75,0.576068381468455,0.13471506830056731,0.0,0.10463719522275015
/building,ontonotes_shimaoka_classifier_adapter_bert_ms,0.4126780728499095,0.9803921580314636,0.5739972690741221,0.10753987352349856,0.03396177851628638,0.09662855783549064
/living_thing,ontonotes_shimaoka_classifier_adapter_bert_ms,0.0,0.0,0.0,0.0,0.0,0.0
/person/athlete,ontonotes_shimaoka_classifier_adapter_bert_ms,0.0,0.0,0.0,0.0,0.0,0.0
/person/soldier,ontonotes_shimaoka_classifier_adapter_bert_ms,0.0,0.0,0.0,0.0,0.0,0.0
/people,ontonotes_shimaoka_classifier_adapter_bert_ms,0.5185185273488363,0.8666666746139526,0.6483516693115234,0.0320750302495382,0.1154700469553736,0.0571005726702397
/written_work,ontonotes_shimaoka_classifier_adapter_bert_ms,0.16666666666666666,0.047619049747784935,0.07407407959302266,0.2886751345948129,0.08247861357131343,0.1283000693790162
/art,ontonotes_shimaoka_classifier_adapter_bert_ms,0.0,0.0,0.0,0.0,0.0,0.0
/location/country,ontonotes_shimaoka_classifier_adapter_bert_ms,0.9166666666666666,0.3333333333333333,0.48774510622024536,0.14433756729740646,0.08333332836628005,0.10714458501133511
/location,ontonotes_shimaoka_classifier_adapter_bert_ms,0.8317118485768636,0.4673202633857727,0.5982330441474915,0.013342033826113799,0.014975736672591645,0.01062112787847404
/building/sports_facility,ontonotes_shimaoka_classifier_adapter_bert_ms,0.9444444378217062,1.0,0.9696969787279764,0.09622505633585686,0.0,0.052486372465985205
/medicine,ontonotes_shimaoka_classifier_adapter_bert_ms,0.6666666666666666,1.0,0.7936508059501648,0.14433756729740643,0.0,0.10997147329083201
/organization/sports_team,ontonotes_shimaoka_classifier_adapter_bert_ms,0.9362801114718119,0.6236558953921,0.7479825615882874,0.02367952193949045,0.03724840335375787,0.02529686171529204
/organization/educational_institution,ontonotes_shimaoka_classifier_adapter_bert_ms,0.2222222238779068,0.07246376946568489,0.10901000847419103,0.2545875380667078,0.09050721905392102,0.1336113528217347
/location/province,ontonotes_shimaoka_classifier_adapter_bert_ms,0.3333333333333333,0.23809524377187094,0.2777777910232544,0.5773502691896258,0.4123930592533777,0.4811252472665266
/location/city,ontonotes_shimaoka_classifier_adapter_bert_ms,0.6814814905325571,0.08547008782625198,0.14862914383411407,0.2866006192733826,0.014803852173765848,0.015954788293046425
/military,ontonotes_shimaoka_classifier_adapter_bert_ms,0.8333333333333334,1.0,0.9047619104385376,0.14433756729740646,0.0,0.08247860496812401
/time,ontonotes_shimaoka_classifier_adapter_bert_ms,1.0,0.6794871886571249,0.8064847588539124,0.0,0.09679275919049676,0.06966933983986864
/organization,ontonotes_shimaoka_classifier_adapter_bert_ms,0.9055803418159485,0.36788617571194965,0.5206939280033112,0.005887454283201682,0.06799076408419248,0.06633342878545892
/person/artist,ontonotes_shimaoka_classifier_adapter_bert_ms,0.0,0.0,0.0,0.0,0.0,0.0
/transportation/road,ontonotes_shimaoka_classifier_adapter_bert_ms,0.41111112634340924,0.75,0.5189255277315775,0.16442943606087895,0.0,0.12900501077162302
/organization/company,ontonotes_shimaoka_classifier_adapter_bert_ms,0.4888888994852702,0.190476194024086,0.25472114980220795,0.42860670893555125,0.21821789186184237,0.2610868711632867
/person,ontonotes_shimaoka_classifier_adapter_bert_ms,0.9517184893290201,0.8333333333333334,0.8882777889569601,0.005694943813135656,0.0369610503294254,0.020332893681588943
/news_agency,ontonotes_shimaoka_classifier_adapter_bert_ms,0.30891332030296326,1.0,0.47167758146921795,0.023832991614782518,0.0,0.027793775799675596
/education,ontonotes_shimaoka_classifier_adapter_bert_ms,0.2962963084379832,1.0,0.45652174949645996,0.03207501304315933,0.0,0.037653269448169234
/education/department,ontonotes_shimaoka_classifier_adapter_bert_ms,0.28034189343452454,1.0,0.43756453196207684,0.023686163478025355,0.0,0.02859939334036635
/person/politician,ontonotes_shimaoka_classifier_adapter_bert_ms,0.16111111268401146,0.20000000298023224,0.15978837261597315,0.11344765429100159,0.0,0.08958533662225271
/organization/sports_league,ontonotes_shimaoka_kenn_cross_adapter_bert_ms,1.0,0.16666666666666666,0.2814814845720927,0.0,0.07216878364870323,0.1026400503412993
/people/ethnicity,ontonotes_shimaoka_kenn_cross_adapter_bert_ms,0.5185185273488363,1.0,0.682539701461792,0.03207503024953817,0.0,0.027492868322708003
/living_thing/animal,ontonotes_shimaoka_kenn_cross_adapter_bert_ms,0.0,0.0,0.0,0.0,0.0,0.0
/government_agency,ontonotes_shimaoka_kenn_cross_adapter_bert_ms,0.7666666706403097,0.4583333333333333,0.5644355813662211,0.08819169384796599,0.19094065395649334,0.18079158626990843
/event,ontonotes_shimaoka_kenn_cross_adapter_bert_ms,0.125,0.125,0.125,0.125,0.125,0.125
/product,ontonotes_shimaoka_kenn_cross_adapter_bert_ms,0.6833333373069763,0.8333333333333334,0.7462963263193766,0.16072751700971563,0.14433756729740646,0.1444800732013508
/transportation,ontonotes_shimaoka_kenn_cross_adapter_bert_ms,0.49166667461395264,0.75,0.5888889034589132,0.11273125527643814,0.0,0.08388706007038475
/building,ontonotes_shimaoka_kenn_cross_adapter_bert_ms,0.4246031741301219,0.9607843160629272,0.5809792677561442,0.10263901086728254,0.06792355703257272,0.08343300142434949
/living_thing,ontonotes_shimaoka_kenn_cross_adapter_bert_ms,0.0,0.0,0.0,0.0,0.0,0.0
/person/athlete,ontonotes_shimaoka_kenn_cross_adapter_bert_ms,0.13095238308111826,0.06060606241226196,0.08148148407538731,0.12542444974179934,0.052486389672364055,0.07143445277690728
/person/soldier,ontonotes_shimaoka_kenn_cross_adapter_bert_ms,0.0,0.0,0.0,0.0,0.0,0.0
/people,ontonotes_shimaoka_kenn_cross_adapter_bert_ms,0.5185185273488363,0.8666666746139526,0.6483516693115234,0.0320750302495382,0.1154700469553736,0.0571005726702397
/written_work,ontonotes_shimaoka_kenn_cross_adapter_bert_ms,0.2777777810891469,0.09523809949556987,0.14074074725310007,0.2545875396925578,0.08247861357131343,0.12239046283920783
/art,ontonotes_shimaoka_kenn_cross_adapter_bert_ms,0.6666666666666666,0.0714285746216774,0.12777778009573618,0.5773502691896258,0.0714285746216774,0.12509255847883521
/location/country,ontonotes_shimaoka_kenn_cross_adapter_bert_ms,1.0,0.3888888855775197,0.5456140339374542,0.0,0.1734721538963356,0.1729917005224314
/location,ontonotes_shimaoka_kenn_cross_adapter_bert_ms,0.8327641089757284,0.5032679935296377,0.6272756258646647,0.019985586919789543,0.011320610045140964,0.010397806228796547
/building/sports_facility,ontonotes_shimaoka_kenn_cross_adapter_bert_ms,0.9444444378217062,1.0,0.9696969787279764,0.09622505633585686,0.0,0.052486372465985205
/medicine,ontonotes_shimaoka_kenn_cross_adapter_bert_ms,0.6666666666666666,1.0,0.7936508059501648,0.14433756729740643,0.0,0.10997147329083201
/organization/sports_team,ontonotes_shimaoka_kenn_cross_adapter_bert_ms,0.9515872995058695,0.6344085931777954,0.7611865003903707,0.0013746520193248346,0.01862418447050008,0.013933002927257201
/organization/educational_institution,ontonotes_shimaoka_kenn_cross_adapter_bert_ms,0.6420454581578573,0.2028985507786274,0.2600552961230278,0.32555379879283025,0.17571529660002735,0.19031450553078094
/location/province,ontonotes_shimaoka_kenn_cross_adapter_bert_ms,0.6805555621782938,0.4761904875437419,0.5373737315336863,0.06364688248436547,0.2182178934876924,0.13351686699410997
/location/city,ontonotes_shimaoka_kenn_cross_adapter_bert_ms,0.6214285790920258,0.10256410638491313,0.17339717348416647,0.1925924115748711,0.025641027837991805,0.03990485276435442
/military,ontonotes_shimaoka_kenn_cross_adapter_bert_ms,0.8333333333333334,1.0,0.9047619104385376,0.14433756729740646,0.0,0.08247860496812401
/time,ontonotes_shimaoka_kenn_cross_adapter_bert_ms,1.0,0.6538461645444235,0.7848045627276102,0.0,0.13867505732198443,0.10548687680895566
/organization,ontonotes_shimaoka_kenn_cross_adapter_bert_ms,0.925315280755361,0.41260161995887756,0.568969706694285,0.025951692968843743,0.049286003205703845,0.04072942585951072
/person/artist,ontonotes_shimaoka_kenn_cross_adapter_bert_ms,0.06060606241226196,0.16666666666666666,0.08888889352480571,0.10497277934472811,0.2886751345948129,0.15396007981354368
/transportation/road,ontonotes_shimaoka_kenn_cross_adapter_bert_ms,0.42500001192092896,0.75,0.5317460497220358,0.15612495854990371,0.0,0.12218098324268183
/organization/company,ontonotes_shimaoka_kenn_cross_adapter_bert_ms,0.6730158925056458,0.2857142860690753,0.3778276840845744,0.11038309596486842,0.17857142165303264,0.17836933140837985
/person,ontonotes_shimaoka_kenn_cross_adapter_bert_ms,0.9513957103093466,0.8510928948720297,0.8980743686358134,0.01201029049636595,0.03718760382946761,0.01916761619926074
/news_agency,ontonotes_shimaoka_kenn_cross_adapter_bert_ms,0.32478633522987366,1.0,0.4901960889498393,0.014803852173765848,0.0,0.016980872051764323
/education,ontonotes_shimaoka_kenn_cross_adapter_bert_ms,0.2837977409362793,1.0,0.441919207572937,0.017874622988526323,0.0,0.021869324728556978
/education/department,ontonotes_shimaoka_kenn_cross_adapter_bert_ms,0.29304030537605286,1.0,0.4531590739885966,0.012689016148942155,0.0,0.015094123785016162
/person/politician,ontonotes_shimaoka_kenn_cross_adapter_bert_ms,0.06704981004198392,0.13333333532015482,0.08021390438079834,0.08797672699838734,0.11547005555856305,0.09277728450974199
/organization/sports_league,ontonotes_shimaoka_kenn_cross_vertical_bottom_up_adapter_bert_ms,1.0,0.16666666666666666,0.2814814845720927,0.0,0.07216878364870323,0.1026400503412993
/people/ethnicity,ontonotes_shimaoka_kenn_cross_vertical_bottom_up_adapter_bert_ms,0.5416666666666666,0.800000011920929,0.6433566610018412,0.07216878364870322,0.19999998807907104,0.1144804561582144
/living_thing/animal,ontonotes_shimaoka_kenn_cross_vertical_bottom_up_adapter_bert_ms,0.0,0.0,0.0,0.0,0.0,0.0
/government_agency,ontonotes_shimaoka_kenn_cross_vertical_bottom_up_adapter_bert_ms,0.7222222288449606,0.4583333333333333,0.5497835477193197,0.09622502192309915,0.19094065395649334,0.17632391229248517
/event,ontonotes_shimaoka_kenn_cross_vertical_bottom_up_adapter_bert_ms,0.12261905024449031,0.125,0.12314815322558086,0.021527551409517735,0.0,0.011226253950593044
/product,ontonotes_shimaoka_kenn_cross_vertical_bottom_up_adapter_bert_ms,0.5,0.8333333333333334,0.6222222447395325,0.0,0.14433756729740646,0.03849001565179121
/transportation,ontonotes_shimaoka_kenn_cross_vertical_bottom_up_adapter_bert_ms,0.43611112236976624,0.75,0.5427350401878357,0.1434528026568807,0.0,0.10903720804826002
/building,ontonotes_shimaoka_kenn_cross_vertical_bottom_up_adapter_bert_ms,0.3832792341709137,0.9607843160629272,0.5389720996220907,0.10756770577242881,0.06792355703257272,0.09569865876258903
/living_thing,ontonotes_shimaoka_kenn_cross_vertical_bottom_up_adapter_bert_ms,0.0,0.0,0.0,0.0,0.0,0.0
/person/athlete,ontonotes_shimaoka_kenn_cross_vertical_bottom_up_adapter_bert_ms,0.06666666766007741,0.03030303120613098,0.041666666666666664,0.11547005555856305,0.052486389672364055,0.07216878364870323
/person/soldier,ontonotes_shimaoka_kenn_cross_vertical_bottom_up_adapter_bert_ms,0.0,0.0,0.0,0.0,0.0,0.0
/people,ontonotes_shimaoka_kenn_cross_vertical_bottom_up_adapter_bert_ms,0.48821550607681274,1.0,0.6547619104385376,0.05831821648253079,0.0,0.051549141009861646
/written_work,ontonotes_shimaoka_kenn_cross_vertical_bottom_up_adapter_bert_ms,0.22222222884496054,0.09523809949556987,0.13333333532015482,0.19245009546533487,0.08247861357131343,0.11547005555856305
/art,ontonotes_shimaoka_kenn_cross_vertical_bottom_up_adapter_bert_ms,1.0,0.09523809949556987,0.17222222685813904,0.0,0.04123930678565672,0.06735752739063461
/location/country,ontonotes_shimaoka_kenn_cross_vertical_bottom_up_adapter_bert_ms,1.0,0.3888888855775197,0.5456140339374542,0.0,0.1734721538963356,0.1729917005224314
/location,ontonotes_shimaoka_kenn_cross_vertical_bottom_up_adapter_bert_ms,0.8270517786343893,0.5130718946456909,0.6330454150835673,0.023503240399179916,0.01132059283876212,0.004816390225334945
/building/sports_facility,ontonotes_shimaoka_kenn_cross_vertical_bottom_up_adapter_bert_ms,0.9444444378217062,0.9333333373069763,0.9326599637667338,0.09622505633585686,0.1154700469553736,0.05918648806685275
/medicine,ontonotes_shimaoka_kenn_cross_vertical_bottom_up_adapter_bert_ms,0.700000007947286,1.0,0.8214285771052042,0.0866025266133408,0.0,0.06185896232928242
/organization/sports_team,ontonotes_shimaoka_kenn_cross_vertical_bottom_up_adapter_bert_ms,0.9490392804145813,0.6021505196889242,0.7364102204640707,0.0028939752720457774,0.03724840335375787,0.028423389291078894
/organization/educational_institution,ontonotes_shimaoka_kenn_cross_vertical_bottom_up_adapter_bert_ms,0.19528619945049286,0.08695652335882187,0.1200980395078659,0.18330852481277735,0.08695652335882187,0.11772362747320117
/location/province,ontonotes_shimaoka_kenn_cross_vertical_bottom_up_adapter_bert_ms,0.75,0.4761904875437419,0.57156174381574,0.08333331346511841,0.2182178934876924,0.1859946819777598
/location/city,ontonotes_shimaoka_kenn_cross_vertical_bottom_up_adapter_bert_ms,0.45000000794728595,0.051282053192456566,0.09196617702643077,0.3968627011653764,0.04441156082289225,0.07966082785559403
/military,ontonotes_shimaoka_kenn_cross_vertical_bottom_up_adapter_bert_ms,0.8333333333333334,1.0,0.9047619104385376,0.14433756729740646,0.0,0.08247860496812401
/time,ontonotes_shimaoka_kenn_cross_vertical_bottom_up_adapter_bert_ms,1.0,0.6794871886571249,0.8039329648017883,0.0,0.13507246181642918,0.09759178548780156
/organization,ontonotes_shimaoka_kenn_cross_vertical_bottom_up_adapter_bert_ms,0.9164340694745382,0.4390243887901306,0.5925597747166952,0.016456526896124493,0.042245152979051376,0.034533329016120634
/person/artist,ontonotes_shimaoka_kenn_cross_vertical_bottom_up_adapter_bert_ms,0.051282053192456566,0.16666666666666666,0.07843137780825298,0.0888231216457845,0.2886751345948129,0.13584713127152429
/transportation/road,ontonotes_shimaoka_kenn_cross_vertical_bottom_up_adapter_bert_ms,0.4861111144224803,0.6666666666666666,0.5500000019868215,0.22948210283010353,0.14433756729740643,0.1802775612934964
/organization/company,ontonotes_shimaoka_kenn_cross_vertical_bottom_up_adapter_bert_ms,0.9743589758872986,0.21428571765621504,0.31912057598431903,0.044411556521297545,0.19884872843871843,0.25857592155851383
/person,ontonotes_shimaoka_kenn_cross_vertical_bottom_up_adapter_bert_ms,0.9482718308766683,0.8715846935907999,0.9080106814702352,0.010513456426624362,0.030760457610903146,0.013177733005504684
/news_agency,ontonotes_shimaoka_kenn_cross_vertical_bottom_up_adapter_bert_ms,0.3076923191547394,1.0,0.4705882668495178,0.0,0.0,0.0
/education,ontonotes_shimaoka_kenn_cross_vertical_bottom_up_adapter_bert_ms,0.2893518606821696,1.0,0.44858524203300476,0.020046876699582508,0.0,0.023906835286815233
/education/department,ontonotes_shimaoka_kenn_cross_vertical_bottom_up_adapter_bert_ms,0.3076923191547394,1.0,0.4705882668495178,0.0,0.0,0.0
/person/politician,ontonotes_shimaoka_kenn_cross_vertical_bottom_up_adapter_bert_ms,0.0818181832631429,0.13333333532015482,0.09135803083578746,0.10484147957816749,0.11547005555856305,0.10111406007493032
/organization/sports_league,ontonotes_shimaoka_kenn_cross_vertical_hybrid_adapter_bert_ms,1.0,0.16666666666666666,0.2814814845720927,0.0,0.07216878364870323,0.1026400503412993
/people/ethnicity,ontonotes_shimaoka_kenn_cross_vertical_hybrid_adapter_bert_ms,0.5185185273488363,1.0,0.682539701461792,0.03207503024953817,0.0,0.027492868322708003
/living_thing/animal,ontonotes_shimaoka_kenn_cross_vertical_hybrid_adapter_bert_ms,0.0,0.0,0.0,0.0,0.0,0.0
/government_agency,ontonotes_shimaoka_kenn_cross_vertical_hybrid_adapter_bert_ms,0.613095243771871,0.5,0.5416666766007742,0.10763775395745273,0.21650635094610965,0.18162079045371526
/event,ontonotes_shimaoka_kenn_cross_vertical_hybrid_adapter_bert_ms,0.09523809949556987,0.08333333333333333,0.08888889352480571,0.08247861357131343,0.07216878364870323,0.07698003990677184
/product,ontonotes_shimaoka_kenn_cross_vertical_hybrid_adapter_bert_ms,0.7666666706403097,0.8333333333333334,0.7962963183720907,0.028867520342032837,0.14433756729740646,0.08018757562384549
/transportation,ontonotes_shimaoka_kenn_cross_vertical_hybrid_adapter_bert_ms,0.5833333432674408,0.6666666666666666,0.5943223237991333,0.2204792740446796,0.14433756729740646,0.14558713148318975
/building,ontonotes_shimaoka_kenn_cross_vertical_hybrid_adapter_bert_ms,0.4384920597076416,0.9215686321258545,0.5897512038548788,0.08550182025533946,0.06792355703257272,0.07113980200421363
/living_thing,ontonotes_shimaoka_kenn_cross_vertical_hybrid_adapter_bert_ms,0.0,0.0,0.0,0.0,0.0,0.0
/person/athlete,ontonotes_shimaoka_kenn_cross_vertical_hybrid_adapter_bert_ms,0.2444444497426351,0.3030303120613098,0.26491517821947735,0.21430335446777563,0.2777318685774084,0.23001014459213842
/person/soldier,ontonotes_shimaoka_kenn_cross_vertical_hybrid_adapter_bert_ms,0.0,0.0,0.0,0.0,0.0,0.0
/people,ontonotes_shimaoka_kenn_cross_vertical_hybrid_adapter_bert_ms,0.4851851960023244,0.8666666746139526,0.6210012435913086,0.07882888509919724,0.1154700469553736,0.0906068416755193
/written_work,ontonotes_shimaoka_kenn_cross_vertical_hybrid_adapter_bert_ms,0.34444444874922436,0.1428571492433548,0.1962963044643402,0.15030832329493818,0.0,0.02796235500155114
/art,ontonotes_shimaoka_kenn_cross_vertical_hybrid_adapter_bert_ms,0.6666666666666666,0.047619049747784935,0.08888889352480571,0.5773502691896258,0.04123930678565672,0.07698003990677184
/location/country,ontonotes_shimaoka_kenn_cross_vertical_hybrid_adapter_bert_ms,1.0,0.3333333333333333,0.4960784415404002,0.0,0.08333332836628005,0.09417891060320406
/location,ontonotes_shimaoka_kenn_cross_vertical_hybrid_adapter_bert_ms,0.8290683428446451,0.4575163424015045,0.5890201528867086,0.014841481079027118,0.03151519668688424,0.024133826923907642
/building/sports_facility,ontonotes_shimaoka_kenn_cross_vertical_hybrid_adapter_bert_ms,1.0,0.8666666746139526,0.9259259700775146,0.0,0.1154700469553736,0.06414999167356096
/medicine,ontonotes_shimaoka_kenn_cross_vertical_hybrid_adapter_bert_ms,0.6000000238418579,1.0,0.75,0.0,0.0,0.0
/organization/sports_team,ontonotes_shimaoka_kenn_cross_vertical_hybrid_adapter_bert_ms,0.9515872995058695,0.6344085931777954,0.7611865003903707,0.0013746520193248346,0.01862418447050008,0.013933002927257201
/organization/educational_institution,ontonotes_shimaoka_kenn_cross_vertical_hybrid_adapter_bert_ms,0.14814814925193787,0.11594203114509583,0.13008129596710205,0.25660012155165357,0.20081748867603916,0.22530741372942525
/location/province,ontonotes_shimaoka_kenn_cross_vertical_hybrid_adapter_bert_ms,0.7936508059501648,0.3809523930152257,0.45476189255714417,0.1802827938828876,0.29738086200921665,0.23693763822311326
/location/city,ontonotes_shimaoka_kenn_cross_vertical_hybrid_adapter_bert_ms,0.6150793731212616,0.08547008782625198,0.1492491513490677,0.1668083305094274,0.014803852173765848,0.025122003824142307
/military,ontonotes_shimaoka_kenn_cross_vertical_hybrid_adapter_bert_ms,0.8333333333333334,1.0,0.9047619104385376,0.14433756729740646,0.0,0.08247860496812401
/time,ontonotes_shimaoka_kenn_cross_vertical_hybrid_adapter_bert_ms,1.0,0.7435897390047709,0.850602944691976,0.0,0.09679275919049674,0.06320990459906956
/organization,ontonotes_shimaoka_kenn_cross_vertical_hybrid_adapter_bert_ms,0.926860531171163,0.3841463327407837,0.5414385199546814,0.023085178782967612,0.05816702055242817,0.05678841067470765
/person/artist,ontonotes_shimaoka_kenn_cross_vertical_hybrid_adapter_bert_ms,0.09064327677090962,0.25,0.12463768323262532,0.08428968245651813,0.25,0.10872463558439154
/transportation/road,ontonotes_shimaoka_kenn_cross_vertical_hybrid_adapter_bert_ms,0.550000011920929,0.75,0.615079383055369,0.22912878084575233,0.0,0.16680831384847966
/organization/company,ontonotes_shimaoka_kenn_cross_vertical_hybrid_adapter_bert_ms,0.7440476218859354,0.3333333383003871,0.4531024595101674,0.11618584519150421,0.10910894674384622,0.11905420073458091
/person,ontonotes_shimaoka_kenn_cross_vertical_hybrid_adapter_bert_ms,0.95826655626297,0.8483606576919556,0.899617334206899,0.002072826483726434,0.042788144658879715,0.025292970140928007
/news_agency,ontonotes_shimaoka_kenn_cross_vertical_hybrid_adapter_bert_ms,0.2686202774445216,1.0,0.4203921854496002,0.06767476139754758,0.0,0.08694216332552038
/education,ontonotes_shimaoka_kenn_cross_vertical_hybrid_adapter_bert_ms,0.341269850730896,1.0,0.5087719162305196,0.013746434161354001,0.0,0.015193404590998045
/education/department,ontonotes_shimaoka_kenn_cross_vertical_hybrid_adapter_bert_ms,0.2896825472513835,1.0,0.4481481611728668,0.04180815439272621,0.0,0.050102770943484795
/person/politician,ontonotes_shimaoka_kenn_cross_vertical_hybrid_adapter_bert_ms,0.10067340234915416,0.20000000298023224,0.13373015820980072,0.010117830182098329,0.0,0.008935178234179513
/organization/sports_league,ontonotes_shimaoka_kenn_cross_vertical_top_down_adapter_bert_ms,0.7777777910232544,0.20833333333333334,0.3164983242750168,0.19245007825895602,0.07216878364870322,0.08164549791362945
/people/ethnicity,ontonotes_shimaoka_kenn_cross_vertical_top_down_adapter_bert_ms,0.48821550607681274,1.0,0.6547619104385376,0.05831821648253079,0.0,0.051549141009861646
/living_thing/animal,ontonotes_shimaoka_kenn_cross_vertical_top_down_adapter_bert_ms,0.0,0.0,0.0,0.0,0.0,0.0
/government_agency,ontonotes_shimaoka_kenn_cross_vertical_top_down_adapter_bert_ms,0.6984127163887024,0.5,0.565656582514445,0.027492868322708003,0.21650635094610965,0.17495463224121352
/event,ontonotes_shimaoka_kenn_cross_vertical_top_down_adapter_bert_ms,0.047619049747784935,0.041666666666666664,0.044444446762402855,0.08247861357131343,0.07216878364870323,0.07698003990677184
/product,ontonotes_shimaoka_kenn_cross_vertical_top_down_adapter_bert_ms,0.8888888955116272,0.75,0.8095238010088602,0.19245007825895602,0.25,0.21821790974619243
/transportation,ontonotes_shimaoka_kenn_cross_vertical_top_down_adapter_bert_ms,0.5595238109429678,0.75,0.6318181753158569,0.16877912785737667,0.0,0.10591983407097187
/building,ontonotes_shimaoka_kenn_cross_vertical_top_down_adapter_bert_ms,0.5227079888184866,0.9215686321258545,0.6618317365646362,0.11725971943976417,0.06792355703257272,0.1014609281553792
/living_thing,ontonotes_shimaoka_kenn_cross_vertical_top_down_adapter_bert_ms,0.0,0.0,0.0,0.0,0.0,0.0
/person/athlete,ontonotes_shimaoka_kenn_cross_vertical_top_down_adapter_bert_ms,0.22908232361078262,0.27272728085517883,0.24806763728459677,0.16697746785751943,0.1818181872367859,0.17535083831719478
/person/soldier,ontonotes_shimaoka_kenn_cross_vertical_top_down_adapter_bert_ms,0.0,0.0,0.0,0.0,0.0,0.0
/people,ontonotes_shimaoka_kenn_cross_vertical_top_down_adapter_bert_ms,0.598809540271759,0.800000011920929,0.6786324977874756,0.02680553569520845,0.19999998807907104,0.08524756852426188
/written_work,ontonotes_shimaoka_kenn_cross_vertical_top_down_adapter_bert_ms,0.5555555621782938,0.1428571492433548,0.21666666865348816,0.38490017372429086,0.0,0.0288675117388434
/art,ontonotes_shimaoka_kenn_cross_vertical_top_down_adapter_bert_ms,0.0,0.0,0.0,0.0,0.0,0.0
/location/country,ontonotes_shimaoka_kenn_cross_vertical_top_down_adapter_bert_ms,0.850000003973643,0.3888888855775197,0.5274767875671387,0.13228756330038588,0.1734721538963356,0.1875090755795648
/location,ontonotes_shimaoka_kenn_cross_vertical_top_down_adapter_bert_ms,0.8256977200508118,0.46405228972435,0.5941084623336792,0.014744057814635178,0.01132059283876212,0.010909847554724126
/building/sports_facility,ontonotes_shimaoka_kenn_cross_vertical_top_down_adapter_bert_ms,0.9444444378217062,1.0,0.9696969787279764,0.09622505633585686,0.0,0.052486372465985205
/medicine,ontonotes_shimaoka_kenn_cross_vertical_top_down_adapter_bert_ms,1.0,1.0,1.0,0.0,0.0,0.0
/organization/sports_team,ontonotes_shimaoka_kenn_cross_vertical_top_down_adapter_bert_ms,0.9247756997744242,0.6451612710952759,0.759734054406484,0.04781370498638818,0.0,0.016448713166598364
/organization/educational_institution,ontonotes_shimaoka_kenn_cross_vertical_top_down_adapter_bert_ms,0.6348039309183756,0.2318840560813745,0.2803418810168902,0.32555625794932275,0.1757152969072841,0.18485708890936128
/location/province,ontonotes_shimaoka_kenn_cross_vertical_top_down_adapter_bert_ms,0.7103174726168314,0.4761904875437419,0.5532467265923818,0.041808140249169914,0.2182178934876924,0.15728766320311738
/location/city,ontonotes_shimaoka_kenn_cross_vertical_top_down_adapter_bert_ms,0.5000000049670538,0.09401709648470084,0.15584416190783182,0.2645751294168268,0.07833462909849467,0.12130871818171894
/military,ontonotes_shimaoka_kenn_cross_vertical_top_down_adapter_bert_ms,0.8333333333333334,1.0,0.9047619104385376,0.14433756729740646,0.0,0.08247860496812401
/time,ontonotes_shimaoka_kenn_cross_vertical_top_down_adapter_bert_ms,1.0,0.692307710647583,0.816550612449646,0.0,0.07692307233810425,0.05384870957376313
/organization,ontonotes_shimaoka_kenn_cross_vertical_top_down_adapter_bert_ms,0.9399350881576538,0.35975610216458637,0.5178800523281097,0.028164527245498745,0.05816702992482609,0.054776957175865316
/person/artist,ontonotes_shimaoka_kenn_cross_vertical_top_down_adapter_bert_ms,0.06231884161631266,0.25,0.09700176616509755,0.05436231779219577,0.25,0.08404763916752157
/transportation/road,ontonotes_shimaoka_kenn_cross_vertical_top_down_adapter_bert_ms,0.33611111839612323,0.75,0.4633699655532837,0.03757707517841622,0.0,0.03574947368081051
/organization/company,ontonotes_shimaoka_kenn_cross_vertical_top_down_adapter_bert_ms,0.6866666674613953,0.3452380945285161,0.43721174200375873,0.10969654976951859,0.14433756668289294,0.09811137504740523
/person,ontonotes_shimaoka_kenn_cross_vertical_top_down_adapter_bert_ms,0.9577920039494833,0.7991803288459778,0.8705017566680908,0.006788541266127533,0.055137795337150526,0.029492031809320206
/news_agency,ontonotes_shimaoka_kenn_cross_vertical_top_down_adapter_bert_ms,0.2896825472513835,1.0,0.4481481611728668,0.041808154392726206,0.0,0.050102770943484795
/education,ontonotes_shimaoka_kenn_cross_vertical_top_down_adapter_bert_ms,0.341269850730896,1.0,0.5087719162305196,0.013746434161354001,0.0,0.015193404590998045
/education/department,ontonotes_shimaoka_kenn_cross_vertical_top_down_adapter_bert_ms,0.2450980395078659,1.0,0.3936507999897003,0.00849044462907159,0.0,0.0109971473290832
/person/politician,ontonotes_shimaoka_kenn_cross_vertical_top_down_adapter_bert_ms,0.08908246457576752,0.20000000298023224,0.11449275786677997,0.05998330124535037,0.0,0.06371869228274757
/organization/sports_league,ontonotes_shimaoka_kenn_vertical_bottom_up_adapter_bert_ms,1.0,0.16666666666666666,0.2814814845720927,0.0,0.07216878364870323,0.1026400503412993
/people/ethnicity,ontonotes_shimaoka_kenn_vertical_bottom_up_adapter_bert_ms,0.5416666666666666,0.800000011920929,0.6433566610018412,0.07216878364870322,0.19999998807907104,0.1144804561582144
/living_thing/animal,ontonotes_shimaoka_kenn_vertical_bottom_up_adapter_bert_ms,0.0,0.0,0.0,0.0,0.0,0.0
/government_agency,ontonotes_shimaoka_kenn_vertical_bottom_up_adapter_bert_ms,0.6666666666666666,0.4166666666666667,0.49523809055487317,0.16666665673256012,0.2602082499332666,0.2654735217147647
/event,ontonotes_shimaoka_kenn_vertical_bottom_up_adapter_bert_ms,0.1203703706463178,0.125,0.12254902223745982,0.008018753260789834,0.0,0.004245218012941081
/product,ontonotes_shimaoka_kenn_vertical_bottom_up_adapter_bert_ms,0.5095238188902537,0.8333333333333334,0.6262626250584921,0.08611020728614287,0.14433756729740646,0.06998188730924311
/transportation,ontonotes_shimaoka_kenn_vertical_bottom_up_adapter_bert_ms,0.4027777810891469,0.75,0.5205128192901611,0.08673607933426324,0.0,0.07147366493908831
/building,ontonotes_shimaoka_kenn_vertical_bottom_up_adapter_bert_ms,0.36990739901860553,1.0,0.5353816052277883,0.09542316411065582,0.0,0.10054178387355248
/living_thing,ontonotes_shimaoka_kenn_vertical_bottom_up_adapter_bert_ms,0.0,0.0,0.0,0.0,0.0,0.0
/person/athlete,ontonotes_shimaoka_kenn_vertical_bottom_up_adapter_bert_ms,0.06666666766007741,0.03030303120613098,0.041666666666666664,0.11547005555856305,0.052486389672364055,0.07216878364870323
/person/soldier,ontonotes_shimaoka_kenn_vertical_bottom_up_adapter_bert_ms,0.0,0.0,0.0,0.0,0.0,0.0
/people,ontonotes_shimaoka_kenn_vertical_bottom_up_adapter_bert_ms,0.48821550607681274,1.0,0.6547619104385376,0.05831821648253079,0.0,0.051549141009861646
/written_work,ontonotes_shimaoka_kenn_vertical_bottom_up_adapter_bert_ms,0.4444444477558136,0.09523809949556987,0.15000000099341074,0.5091750761334156,0.08247861357131343,0.1322875661164405
/art,ontonotes_shimaoka_kenn_vertical_bottom_up_adapter_bert_ms,1.0,0.0714285746216774,0.13333334028720856,0.0,0.0,0.0
/location/country,ontonotes_shimaoka_kenn_vertical_bottom_up_adapter_bert_ms,1.0,0.2777777810891469,0.4333333373069763,0.0,0.04811252816792844,0.0577350234776868
/location,ontonotes_shimaoka_kenn_vertical_bottom_up_adapter_bert_ms,0.8224895199139913,0.48366013169288635,0.6090491414070129,0.02191313078959705,0.01132059283876212,0.01243743182704998
/building/sports_facility,ontonotes_shimaoka_kenn_vertical_bottom_up_adapter_bert_ms,0.9444444378217062,0.9333333373069763,0.9326599637667338,0.09622505633585686,0.1154700469553736,0.05918648806685275
/medicine,ontonotes_shimaoka_kenn_vertical_bottom_up_adapter_bert_ms,0.7833333412806193,1.0,0.8690476218859354,0.20207258340093104,0.0,0.12542444903462155
/organization/sports_team,ontonotes_shimaoka_kenn_vertical_bottom_up_adapter_bert_ms,0.9470899303754171,0.5806451638539633,0.7189952929814657,0.004582161926830195,0.055872587824257955,0.04350515889607859
/organization/educational_institution,ontonotes_shimaoka_kenn_vertical_bottom_up_adapter_bert_ms,0.14285714427630106,0.0434782604376475,0.06666666766007741,0.24743583211075088,0.07530655610271733,0.11547005555856305
/location/province,ontonotes_shimaoka_kenn_vertical_bottom_up_adapter_bert_ms,0.6666666666666666,0.2857142935196559,0.3611111243565877,0.5773502691896258,0.37796448145739153,0.42763347522708756
/location/city,ontonotes_shimaoka_kenn_vertical_bottom_up_adapter_bert_ms,0.6444444557030996,0.05982906185090542,0.1089466077586015,0.3355481909388626,0.02960770757372773,0.053210370311752055
/military,ontonotes_shimaoka_kenn_vertical_bottom_up_adapter_bert_ms,0.8333333333333334,1.0,0.9047619104385376,0.14433756729740646,0.0,0.08247860496812401
/time,ontonotes_shimaoka_kenn_vertical_bottom_up_adapter_bert_ms,1.0,0.7179487148920695,0.8333221077919006,0.0,0.09679272761118449,0.06655678572916773
/organization,ontonotes_shimaoka_kenn_vertical_bottom_up_adapter_bert_ms,0.9074660738309225,0.40243902802467346,0.5558839837710062,0.010295973984617542,0.0636603962126499,0.061388756812545756
/person/artist,ontonotes_shimaoka_kenn_vertical_bottom_up_adapter_bert_ms,0.0,0.0,0.0,0.0,0.0,0.0
/transportation/road,ontonotes_shimaoka_kenn_vertical_bottom_up_adapter_bert_ms,0.4861111144224803,0.75,0.5705128113428751,0.22948210283010353,0.0,0.15662554447877056
/organization/company,ontonotes_shimaoka_kenn_vertical_bottom_up_adapter_bert_ms,0.6666666666666666,0.095238097012043,0.16209150850772858,0.5773502691896258,0.10910894593092119,0.178219371109018
/person,ontonotes_shimaoka_kenn_vertical_bottom_up_adapter_bert_ms,0.9437049825986227,0.8661202192306519,0.9029510219891866,0.010525217561101738,0.0313017352492629,0.014309987065600816
/news_agency,ontonotes_shimaoka_kenn_vertical_bottom_up_adapter_bert_ms,0.2833333412806193,1.0,0.44035089015960693,0.04409585818820207,0.0,0.052719216957882176
/education,ontonotes_shimaoka_kenn_vertical_bottom_up_adapter_bert_ms,0.2968696355819702,1.0,0.4570707182089488,0.03516856684405906,0.0,0.041724009267853406
/education/department,ontonotes_shimaoka_kenn_vertical_bottom_up_adapter_bert_ms,0.3003663122653961,1.0,0.4618736704190572,0.012689016148942155,0.0,0.01509412378501615
/person/politician,ontonotes_shimaoka_kenn_vertical_bottom_up_adapter_bert_ms,0.09920634950200717,0.13333333532015482,0.09971510618925095,0.1327438782695376,0.11547005555856305,0.11285073416942557
/organization/sports_league,ontonotes_shimaoka_kenn_vertical_hybrid_adapter_bert_ms,0.8888888955116272,0.20833333333333334,0.3286195347706477,0.19245007825895602,0.07216878364870322,0.09391948279049216
/people/ethnicity,ontonotes_shimaoka_kenn_vertical_hybrid_adapter_bert_ms,0.5185185273488363,1.0,0.682539701461792,0.03207503024953817,0.0,0.027492868322708003
/living_thing/animal,ontonotes_shimaoka_kenn_vertical_hybrid_adapter_bert_ms,0.0,0.0,0.0,0.0,0.0,0.0
/government_agency,ontonotes_shimaoka_kenn_vertical_hybrid_adapter_bert_ms,0.6428571542104086,0.5416666666666666,0.5873016019662222,0.12371792465856486,0.14433756729740646,0.13746435881991886
/event,ontonotes_shimaoka_kenn_vertical_hybrid_adapter_bert_ms,0.047619049747784935,0.041666666666666664,0.044444446762402855,0.08247861357131343,0.07216878364870323,0.07698003990677184
/product,ontonotes_shimaoka_kenn_vertical_hybrid_adapter_bert_ms,0.7222222288449606,0.8333333333333334,0.7666666706403097,0.04811251096154957,0.14433756729740646,0.028867520342032837
/transportation,ontonotes_shimaoka_kenn_vertical_hybrid_adapter_bert_ms,0.4583333432674408,0.6666666666666666,0.5109889904657999,0.18162079729083677,0.14433756729740646,0.055763134207289976
/building,ontonotes_shimaoka_kenn_vertical_hybrid_adapter_bert_ms,0.4264485736687978,0.9215686321258545,0.5774316986401876,0.09481450430592475,0.06792355703257272,0.07883317054992361
/living_thing,ontonotes_shimaoka_kenn_vertical_hybrid_adapter_bert_ms,0.0,0.0,0.0,0.0,0.0,0.0
/person/athlete,ontonotes_shimaoka_kenn_vertical_hybrid_adapter_bert_ms,0.28431373089551926,0.3333333432674408,0.3015873183806737,0.16134527042182237,0.2287828684931318,0.1802828089705904
/person/soldier,ontonotes_shimaoka_kenn_vertical_hybrid_adapter_bert_ms,0.0,0.0,0.0,0.0,0.0,0.0
/people,ontonotes_shimaoka_kenn_vertical_hybrid_adapter_bert_ms,0.49470900495847064,0.800000011920929,0.6098901232083639,0.06365720312365991,0.19999998807907104,0.1072484775347139
/written_work,ontonotes_shimaoka_kenn_vertical_hybrid_adapter_bert_ms,0.3888888955116272,0.1428571492433548,0.2074074149131775,0.09622503912947801,0.0,0.012830013820453161
/art,ontonotes_shimaoka_kenn_vertical_hybrid_adapter_bert_ms,0.3333333333333333,0.023809524873892467,0.044444446762402855,0.5773502691896258,0.04123930678565672,0.07698003990677184
/location/country,ontonotes_shimaoka_kenn_vertical_hybrid_adapter_bert_ms,1.0,0.3055555621782939,0.46666666865348816,0.0,0.04811252816792843,0.0577350234776868
/location,ontonotes_shimaoka_kenn_vertical_hybrid_adapter_bert_ms,0.8311287562052408,0.4313725531101227,0.5675574938456217,0.022770287125304992,0.019607841968536377,0.013333584083815485
/building/sports_facility,ontonotes_shimaoka_kenn_vertical_hybrid_adapter_bert_ms,1.0,0.8666666746139526,0.9166666666666666,0.0,0.2309400939107472,0.14433756729740646
/medicine,ontonotes_shimaoka_kenn_vertical_hybrid_adapter_bert_ms,0.6500000158945719,1.0,0.7857142885526022,0.08660252661334078,0.0,0.06185896232928244
/organization/sports_team,ontonotes_shimaoka_kenn_vertical_hybrid_adapter_bert_ms,0.9515872995058695,0.6344085931777954,0.7611865003903707,0.0013746520193248346,0.01862418447050008,0.013933002927257201
/organization/educational_institution,ontonotes_shimaoka_kenn_vertical_hybrid_adapter_bert_ms,0.16666666666666666,0.10144927104314168,0.1261261204878489,0.2886751345948129,0.17571529183754747,0.2184568488465082
/location/province,ontonotes_shimaoka_kenn_vertical_hybrid_adapter_bert_ms,0.3333333333333333,0.23809524377187094,0.2777777910232544,0.5773502691896258,0.4123930592533777,0.4811252472665266
/location/city,ontonotes_shimaoka_kenn_vertical_hybrid_adapter_bert_ms,0.5611111223697662,0.06837607050935428,0.12159580737352371,0.21103799587148192,0.014803854324563204,0.028369367087923106
/military,ontonotes_shimaoka_kenn_vertical_hybrid_adapter_bert_ms,0.8333333333333334,1.0,0.9047619104385376,0.14433756729740646,0.0,0.08247860496812401
/time,ontonotes_shimaoka_kenn_vertical_hybrid_adapter_bert_ms,1.0,0.7692307631174723,0.8692088921864828,0.0,0.038461536169055975,0.024588226296761037
/organization,ontonotes_shimaoka_kenn_vertical_hybrid_adapter_bert_ms,0.9234025279680887,0.3556910554567973,0.5124068756898245,0.02997037625605713,0.05665594238914673,0.06432761477817697
/person/artist,ontonotes_shimaoka_kenn_vertical_hybrid_adapter_bert_ms,0.0925925945242246,0.25,0.12727273007233939,0.08486251512767758,0.25,0.1105956846851724
/transportation/road,ontonotes_shimaoka_kenn_vertical_hybrid_adapter_bert_ms,0.42500001192092896,0.75,0.5317460497220358,0.15612495854990371,0.0,0.12218098324268183
/organization/company,ontonotes_shimaoka_kenn_vertical_hybrid_adapter_bert_ms,0.7962962985038757,0.3214285771052043,0.442966749270757,0.2245250888440619,0.1287696889998337,0.15310529396664493
/person,ontonotes_shimaoka_kenn_vertical_hybrid_adapter_bert_ms,0.9613083004951477,0.8456284205118815,0.8991561532020569,0.003046162869361781,0.05091432310290099,0.02803054835602372
/news_agency,ontonotes_shimaoka_kenn_vertical_hybrid_adapter_bert_ms,0.23190476497014365,1.0,0.37343551715215045,0.06478116689197078,0.0,0.08737425969689629
/education,ontonotes_shimaoka_kenn_vertical_hybrid_adapter_bert_ms,0.3343254029750824,1.0,0.5008354087670644,0.022337960971916884,0.0,0.0250730758207917
/education/department,ontonotes_shimaoka_kenn_vertical_hybrid_adapter_bert_ms,0.2747863332430522,1.0,0.4305469791094462,0.029690865463262123,0.0,0.036239234967107146
/person/politician,ontonotes_shimaoka_kenn_vertical_hybrid_adapter_bert_ms,0.14206349601348242,0.20000000298023224,0.16143791874249777,0.058337382704739364,0.0,0.04142471525743541
/organization/sports_league,ontonotes_shimaoka_kenn_vertical_top_down_adapter_bert_ms,0.8000000019868215,0.20833333333333334,0.30997151633103687,0.3464101580724997,0.07216878364870322,0.08891080364823317
/people/ethnicity,ontonotes_shimaoka_kenn_vertical_top_down_adapter_bert_ms,0.4463869531949361,1.0,0.6157407363255819,0.058123342936218125,0.0,0.05613130293669182
/living_thing/animal,ontonotes_shimaoka_kenn_vertical_top_down_adapter_bert_ms,0.0,0.0,0.0,0.0,0.0,0.0
/government_agency,ontonotes_shimaoka_kenn_vertical_top_down_adapter_bert_ms,0.5575396915276846,0.4583333333333333,0.49116162459055585,0.19923441069324901,0.2886751345948129,0.26870811276752204
/event,ontonotes_shimaoka_kenn_vertical_top_down_adapter_bert_ms,0.055555557211240135,0.041666666666666664,0.0476190447807312,0.09622504773266743,0.07216878364870323,0.08247860496812401
/product,ontonotes_shimaoka_kenn_vertical_top_down_adapter_bert_ms,0.8888888955116272,0.75,0.8095238010088602,0.19245007825895602,0.25,0.21821790974619243
/transportation,ontonotes_shimaoka_kenn_vertical_top_down_adapter_bert_ms,0.5650793810685476,0.6666666666666666,0.5945165753364563,0.12282884811030519,0.14433756729740646,0.06381920977590166
/building,ontonotes_shimaoka_kenn_vertical_top_down_adapter_bert_ms,0.5345956087112427,0.9019607901573181,0.6666666865348816,0.10466052484070666,0.08985442003554987,0.08333337306976318
/living_thing,ontonotes_shimaoka_kenn_vertical_top_down_adapter_bert_ms,0.0,0.0,0.0,0.0,0.0,0.0
/person/athlete,ontonotes_shimaoka_kenn_vertical_top_down_adapter_bert_ms,0.23089947427312532,0.3939393957455953,0.28595148275295895,0.1566744160641785,0.27773185557060875,0.1879974637190233
/person/soldier,ontonotes_shimaoka_kenn_vertical_top_down_adapter_bert_ms,0.11111111442248027,0.11111111442248027,0.11111111442248027,0.19245009546533487,0.19245009546533487,0.19245009546533487
/people,ontonotes_shimaoka_kenn_vertical_top_down_adapter_bert_ms,0.598809540271759,0.800000011920929,0.6786324977874756,0.02680553569520845,0.19999998807907104,0.08524756852426188
/written_work,ontonotes_shimaoka_kenn_vertical_top_down_adapter_bert_ms,0.3333333432674408,0.1428571492433548,0.20000000298023224,0.0,0.0,0.0
/art,ontonotes_shimaoka_kenn_vertical_top_down_adapter_bert_ms,0.0,0.0,0.0,0.0,0.0,0.0
/location/country,ontonotes_shimaoka_kenn_vertical_top_down_adapter_bert_ms,0.8055555621782938,0.3611111144224803,0.49537038803100586,0.17347215866852647,0.127293768220429,0.15235632667098958
/location,ontonotes_shimaoka_kenn_vertical_top_down_adapter_bert_ms,0.8287298281987509,0.3921568691730499,0.5289210677146912,0.008352477863008202,0.07781621039310363,0.07275717720082764
/building/sports_facility,ontonotes_shimaoka_kenn_vertical_top_down_adapter_bert_ms,0.8611111044883728,0.8666666746139526,0.8585858742396036,0.12729377147212936,0.2309400939107472,0.1723103172416233
/medicine,ontonotes_shimaoka_kenn_vertical_top_down_adapter_bert_ms,1.0,1.0,1.0,0.0,0.0,0.0
/organization/sports_team,ontonotes_shimaoka_kenn_vertical_top_down_adapter_bert_ms,0.9103456934293112,0.6451612710952759,0.7548961440722147,0.041422139010469365,0.0,0.014245848346969804
/organization/educational_institution,ontonotes_shimaoka_kenn_vertical_top_down_adapter_bert_ms,0.4901960790157318,0.1304347850382328,0.1611111139257749,0.5002882675018447,0.1895173489013693,0.21103800195169253
/location/province,ontonotes_shimaoka_kenn_vertical_top_down_adapter_bert_ms,0.6666666666666666,0.3333333432674408,0.42592595020929974,0.5773502691896258,0.35951593366586954,0.41697521456236997
/location/city,ontonotes_shimaoka_kenn_vertical_top_down_adapter_bert_ms,0.5434343616167704,0.11111111442248027,0.18212122221787772,0.1592375524624004,0.039167315362172356,0.059960976647387254
/military,ontonotes_shimaoka_kenn_vertical_top_down_adapter_bert_ms,0.8333333333333334,1.0,0.9047619104385376,0.14433756729740646,0.0,0.08247860496812401
/time,ontonotes_shimaoka_kenn_vertical_top_down_adapter_bert_ms,1.0,0.7179487148920695,0.8356902400652567,0.0,0.022205761054269926,0.015162742823881978
/organization,ontonotes_shimaoka_kenn_vertical_top_down_adapter_bert_ms,0.9402564366658529,0.28658537069956463,0.4379030764102936,0.015686017545855822,0.04603557731713683,0.05350897469203404
/person/artist,ontonotes_shimaoka_kenn_vertical_top_down_adapter_bert_ms,0.07254902025063832,0.25,0.11111111442248027,0.06344584238935538,0.25,0.09912695479843739
/transportation/road,ontonotes_shimaoka_kenn_vertical_top_down_adapter_bert_ms,0.3222222328186035,0.75,0.4505494435628255,0.019245007825895603,0.0,0.01903348981065552
/organization/company,ontonotes_shimaoka_kenn_vertical_top_down_adapter_bert_ms,0.45143188039461773,0.3452380945285161,0.3739560047785441,0.14017326669031052,0.14433756668289294,0.11703756649398779
/person,ontonotes_shimaoka_kenn_vertical_top_down_adapter_bert_ms,0.9621116717656454,0.7978142102559408,0.8715349435806274,0.0006692303511209451,0.05742580743189175,0.03481849643603695
/news_agency,ontonotes_shimaoka_kenn_vertical_top_down_adapter_bert_ms,0.2738095323244731,1.0,0.4296296536922455,0.020619659845220423,0.0,0.025660027640906323
/education,ontonotes_shimaoka_kenn_vertical_top_down_adapter_bert_ms,0.341269850730896,1.0,0.5087719162305196,0.013746434161354001,0.0,0.015193404590998045
/education/department,ontonotes_shimaoka_kenn_vertical_top_down_adapter_bert_ms,0.2450980395078659,1.0,0.3936507999897003,0.00849044462907159,0.0,0.0109971473290832
/person/politician,ontonotes_shimaoka_kenn_vertical_top_down_adapter_bert_ms,0.1105555569132169,0.20000000298023224,0.13411033898591995,0.06455689687694947,0.0,0.060059095339746356
