name,instance,run_id,test_organization-education/macro_types/f1,test_organization-company/macro_types/recall,test_organization-transit/macro_types/recall,test_person-political_figure/macro_types/recall,test_other-event-sports_event/macro_types/precision,test_other-event-natural_disaster/macro_types/precision,test_location-structure-government/macro_types/precision,test_person-title/macro_types/f1,test_other-product/macro_types/precision,test_person-political_figure/macro_types/precision,test/micro/precision,test_person-doctor/macro_types/f1,test_person-legal/macro_types/precision,test_location-transit-road/macro_types/recall,test_organization-sports_league/macro_types/f1,test_person-military/macro_types/f1,test_location-structure-theater/macro_types/f1,test_person-artist-director/macro_types/recall,test_other-event-protest/macro_types/f1,test_organization-music/macro_types/precision,test_person-artist-director/macro_types/f1,epoch,test_other-religion/macro_types/f1,test_location-geography-mountain/macro_types/recall,test_location-geography-island/macro_types/precision,test_organization-stock_exchange/macro_types/precision,test_other-currency/macro_types/f1,test_person-artist-author/macro_types/recall,test_organization-company-broadcast/macro_types/recall,test_organization/macro_types/recall,test_person-title/macro_types/recall,test_other-supernatural/macro_types/f1,test_person-religious_leader/macro_types/f1,test/macro_types/precision,test/macro_example/precision,test_location-park/macro_types/precision,test_person-political_figure/macro_types/f1,test_other-event/macro_types/f1,test_other-legal/macro_types/recall,test_other-product-mobile_phone/macro_types/f1,test_location-geography-mountain/macro_types/f1,test_other-product-software/macro_types/precision,test_other-product-mobile_phone/macro_types/recall,test_person-artist-director/macro_types/precision,test_other-art/macro_types/precision,test_location-geography/macro_types/f1,test_other-art-broadcast/macro_types/f1,test_person-artist-actor/macro_types/f1,test_other-supernatural/macro_types/recall,test_other-product-computer/macro_types/recall,test_other-living_thing-animal/macro_types/recall,test_location-structure-government/macro_types/recall,test_organization-company-news/macro_types/recall,test_other-legal/macro_types/f1,test_other-art/macro_types/recall,test_other-art-film/macro_types/f1,test_location-transit-bridge/macro_types/f1,test_location-transit-railway/macro_types/recall,test_person-military/macro_types/recall,test_other-art-writing/macro_types/recall,test_organization-company-news/macro_types/f1,test_location-structure-theater/macro_types/precision,test_other-body_part/macro_types/f1,test_other-art-stage/macro_types/recall,test_other-scientific/macro_types/precision,test_other-sports_and_leisure/macro_types/precision,test_location-structure-sports_facility/macro_types/precision,test/micro/f1,test_other-product/macro_types/recall,test_organization-education/macro_types/recall,test_organization-company/macro_types/precision,test_location-transit-bridge/macro_types/precision,test_organization-company-broadcast/macro_types/f1,test_other-internet/macro_types/f1,test_other-language/macro_types/f1,test_other-religion/macro_types/precision,test_other-art-writing/macro_types/precision,test_other-living_thing/macro_types/f1,test_person-coach/macro_types/precision,test_organization-sports_team/macro_types/f1,test_person/macro_types/recall,test_other-art-film/macro_types/recall,test_other-legal/macro_types/precision,test_location-structure-hospital/macro_types/recall,test/macro_example/f1,test_location-celestial/macro_types/f1,test_location-geography/macro_types/recall,test_location-structure-government/macro_types/f1,test_other-heritage/macro_types/recall,test_other-event-holiday/macro_types/precision,test_other-event-sports_event/macro_types/recall,test_location-geography-island/macro_types/recall,test_organization-sports_team/macro_types/precision,test_other-event-natural_disaster/macro_types/recall,test_other-art-music/macro_types/f1,test_other-art-writing/macro_types/f1,test_other-religion/macro_types/recall,test_other-currency/macro_types/precision,test_other-event-violent_conflict/macro_types/precision,test_person-doctor/macro_types/precision,test_location-structure-hospital/macro_types/f1,test_other-event-natural_disaster/macro_types/f1,test_other-product-computer/macro_types/f1,test_other-living_thing-animal/macro_types/f1,test_other-product-software/macro_types/recall,test_person-religious_leader/macro_types/recall,test_location-structure-hotel/macro_types/recall,test_organization-music/macro_types/recall,test_other-health-malady/macro_types/recall,test_organization-government/macro_types/f1,test_other-health/macro_types/recall,test_person-artist-author/macro_types/f1,test_other-event-accident/macro_types/recall,test_location-structure-airport/macro_types/f1,test_organization-political_party/macro_types/f1,test_organization-sports_team/macro_types/recall,test_organization-government/macro_types/precision,test_other-event/macro_types/recall,test_location-park/macro_types/recall,test_other-health/macro_types/precision,test_person-artist-music/macro_types/f1,test_location-transit-road/macro_types/precision,test_location-structure-theater/macro_types/recall,test_other-language-programming_language/macro_types/recall,test/micro/recall,test_other-event-election/macro_types/recall,test_location-structure/macro_types/precision,test_other-food/macro_types/f1,test_person-athlete/macro_types/recall,test_other-event-protest/macro_types/recall,test_other-scientific/macro_types/f1,test_organization-music/macro_types/f1,test_location-city/macro_types/precision,test_other-event-accident/macro_types/f1,test_other-product-software/macro_types/f1,test_other-health-malady/macro_types/precision,test_person-legal/macro_types/recall,test_other-product-car/macro_types/f1,test_other-event/macro_types/precision,test_other-living_thing/macro_types/precision,test_organization-political_party/macro_types/recall,test_other-product-mobile_phone/macro_types/precision,test/macro_types/f1,test_other-language/macro_types/recall,test_other-product-car/macro_types/recall,test_location-structure/macro_types/recall,test_other-art-stage/macro_types/precision,test_other-event-election/macro_types/precision,test_location-structure-sports_facility/macro_types/recall,test_other-food/macro_types/precision,test_other-heritage/macro_types/precision,test_other-heritage/macro_types/f1,test_person-artist/macro_types/precision,test_other-event-sports_event/macro_types/f1,test_location-geography-body_of_water/macro_types/recall,test_person-athlete/macro_types/precision,test_person-artist-music/macro_types/recall,test_person-artist-author/macro_types/precision,test_other-food/macro_types/recall,test_organization/macro_types/precision,test_other-living_thing/macro_types/recall,test_other-event-violent_conflict/macro_types/f1,test_organization-stock_exchange/macro_types/recall,test_other-award/macro_types/f1,test_other-living_thing-animal/macro_types/precision,test_organization-political_party/macro_types/precision,test_person-doctor/macro_types/recall,test_organization-military/macro_types/precision,test_other-art/macro_types/f1,test_location-city/macro_types/f1,test_other-product/macro_types/f1,test_other-health-treatment/macro_types/f1,test_organization-company-news/macro_types/precision,test_location-structure-sports_facility/macro_types/f1,test_other/macro_types/recall,test_other-product-weapon/macro_types/f1,test_location-geography/macro_types/precision,test_other-sports_and_leisure/macro_types/recall,test_location-transit/macro_types/f1,test_other-currency/macro_types/recall,test_other-art-music/macro_types/precision,test_location-country/macro_types/precision,test_other-health-treatment/macro_types/recall,test_location-structure-hotel/macro_types/precision,test_location-geography-body_of_water/macro_types/f1,test_location-structure-restaurant/macro_types/recall,test_person-artist/macro_types/recall,test_location-transit-railway/macro_types/f1,test_other-product-weapon/macro_types/recall,test_other-sports_and_leisure/macro_types/f1,test_other-art-broadcast/macro_types/precision,test_location-structure/macro_types/f1,test_other-internet/macro_types/recall,test_other-health-malady/macro_types/f1,test_other-supernatural/macro_types/precision,test_location-structure-airport/macro_types/recall,test_location-geography-body_of_water/macro_types/precision,test_person/macro_types/f1,test_location/macro_types/f1,test_location-structure-restaurant/macro_types/precision,test_person-legal/macro_types/f1,test_other-language/macro_types/precision,test_other-product-computer/macro_types/precision,test_other-language-programming_language/macro_types/f1,test_person-artist-actor/macro_types/recall,test_other-event-accident/macro_types/precision,test_organization-sports_league/macro_types/precision,test_other-art-stage/macro_types/f1,test_person-title/macro_types/precision,test_organization-military/macro_types/f1,test_location-structure-hotel/macro_types/f1,test_location-geography-island/macro_types/f1,test_other-product-weapon/macro_types/precision,test_person-artist/macro_types/f1,test_other-event-election/macro_types/f1,test_other-language-programming_language/macro_types/precision,test_person-coach/macro_types/f1,test_other-internet/macro_types/precision,test_other-event-holiday/macro_types/recall,test_location-celestial/macro_types/precision,test_location-structure-hospital/macro_types/precision,threshold,test_person/macro_types/precision,test_location-celestial/macro_types/recall,test/macro_example/recall,test_location-structure-restaurant/macro_types/f1,test_location-structure-airport/macro_types/precision,test_other-body_part/macro_types/recall,test_person-artist-actor/macro_types/precision,test_organization-education/macro_types/precision,test_location-geography-mountain/macro_types/precision,test_location/macro_types/recall,test_person-coach/macro_types/recall,test_location-city/macro_types/recall,test_other-scientific/macro_types/recall,test_other-art-film/macro_types/precision,test_other-art-broadcast/macro_types/recall,test_location-transit-railway/macro_types/precision,test_other/macro_types/precision,test_other-award/macro_types/precision,test_person-military/macro_types/precision,test_organization-company-broadcast/macro_types/precision,test_other-award/macro_types/recall,test_organization-company/macro_types/f1,test_organization-military/macro_types/recall,test_organization-stock_exchange/macro_types/f1,test_person-religious_leader/macro_types/precision,test_location-park/macro_types/f1,test/macro_types/recall,test_other/macro_types/f1,test_organization/macro_types/f1,test_location-country/macro_types/f1,test_organization-transit/macro_types/f1,test_other-event-violent_conflict/macro_types/recall,test_other-art-music/macro_types/recall,test_location-country/macro_types/recall,test_other-body_part/macro_types/precision,test_person-athlete/macro_types/f1,test_location/macro_types/precision,test_location-transit-road/macro_types/f1,test_other-product-car/macro_types/precision,test_person-artist-music/macro_types/precision,test_organization-government/macro_types/recall,test_other-health-treatment/macro_types/precision,test_other-health/macro_types/f1,test_other-event-holiday/macro_types/f1,test_location-transit/macro_types/recall,test_location-transit/macro_types/precision,test_other-event-protest/macro_types/precision,test_location-transit-bridge/macro_types/recall,test_organization-transit/macro_types/precision,test_organization-sports_league/macro_types/recall
figer_L2AWE_adapter_bert_ms,2,7o7b5k8o,0.0,0.5068225860595703,0,0.07407407462596893,0,0,0,0.20283974707126615,0.4176470637321472,0.7368420958518982,0.7733685970306396,0,0.0,0.0,0,0,0,0,0.0,0,0,5,0,0,0,0.0,0.6411150097846985,0.1034482792019844,0.4117647111415863,0.6569602489471436,1.0,0,0,0.1760445535182953,0.7928621768951416,0,0.13461539149284363,0.19548872113227844,0.0,0,0,0.0,0,0,0.197674423456192,0.0,0.0,0.0,0,0,0.125,0,0.4769230782985687,0.0,0.12878787517547607,0.0,0,0,0,0.0,0.5849056839942932,0,0.0,0,0,0,0,0.7091739773750305,0.27843138575553894,0.0,0.9219858050346376,0,0.5833333134651184,0,0,0,0.0,0.6458333730697632,0,0.0,0.7345132827758789,0.0,0.0,0,0.7532197833061218,0,0.0,0,0.0,0.0,0,0,0.0,0,0.0,0.0,0,0.7863247990608215,0.8888888955116272,0,0,0,0,0.2222222238779068,0.0,0,0.0,0,0,0.3618420958518982,0.03846153989434242,0.09917356073856354,0,0,0.0,0.0,0.9016393423080444,0.35779815912246704,0,0.0625,0,0,0,0,0.654819667339325,0,0.2307692319154739,0.3235294222831726,0,0,0,0,0.9219512343406676,0,0.0,0,0.0,0.0,0.1344827562570572,0.7045454382896423,0,0,0.14258983731269836,0,0.0,0.04137931019067764,0,0,0,0.40740740299224854,0.0,0.0,0.08955223858356476,0,0.0,0,0,0.095238097012043,0.26829269528388977,0.8580704927444458,0.5961538553237915,0.615384578704834,0.0,0,1.0,0.0,0,1.0,0.15596330165863037,0.8344370722770691,0.33411768078804016,0.0,0.7560975551605225,0,0.8048160076141357,0.0,0.0,0,0.0,0.5411764979362488,0.0,0.8502415418624878,0.0,0.0,0.0,0,0.0810810774564743,0,0.0,0,0.0,0.07017543911933899,0,0,0,0,0.0,0.6556081771850586,0.7890526652336121,0,0.0,0,0,0,0,0,0,0,0.11286681890487672,0.19999998807907104,0.0,0,0.0,0.08510638028383255,0,0,0,0,0.0,0,0,0.63,0.5920113921165466,0,0.7173528671264648,0,0,0.0,0.0,0.0,0,0.9186274409294128,0,0.7620967626571655,0,0.0,0.0,0,0.9576271176338196,0,0,1.0,0,0.6540879607200623,0.1111111119389534,0.0,0,0,0.11981980502605438,0.874596893787384,0.7441673278808594,0.7736263871192932,0,0.47058823704719543,0,0.7096773982048035,0.0,0,0.691512942314148,0.0,0.0,0,0.22633744776248932,0.0,0.0476190522313118,0.0,0.0,0,0.0,0,0,0
figer_L2AWE_adapter_bert_ms,1,2dif5i78,0.625,0.5009746551513672,0,0.3333333432674408,0,0,0,0.18248175084590912,0.35483869910240173,0.5575221180915833,0.7067409753799438,0,0.0,0.0,0,0,0,0,0.0,0,0,7,0,0,0,0.6363636255264282,0.7358490824699402,0.12068965286016464,0.5882353186607361,0.7059659361839294,1.0,0,0,0.268265038728714,0.73625648021698,0,0.41721856594085693,0.1751824915409088,0.0,0,0,0.0,0,0,0.3199999928474426,0.1492537260055542,0.5,0.10526315867900848,0,0,0.25,0,0.6615384817123413,0.0,0.5454545617103577,0.0,0,0,0,0.4204545319080353,0.671875,0,0.5,0,0,0,0,0.6891643404960632,0.4313725531101227,0.5,0.9294756054878236,0,0.7142857313156128,0,0,0,0.4204545319080353,0.6554622054100037,0,0.0,0.6371681690216064,0.0,0.0,0,0.7254948019981384,0,0.08064515888690948,0,0.10000000149011612,0.0,0,0,0.0,0,0.0,0.4204545319080353,0,0.7905405163764954,0.8999999761581421,0,0,0,0,0.4000000059604645,0.0,0,0.0,0,0,0.3701298534870148,0.5769230723381042,0.07329843193292618,0,0,0.5,0.0,0.8769230842590332,0.4403669834136963,0,0.29411765933036804,0,0,0,0,0.6724408268928528,0,0.1111111119389534,0.37168142199516296,0,0,0,0,0.9396985173225404,0,0.0,0,0.0,0.4516128897666931,0.1093394085764885,0.5820895433425903,1,0,0.2478794902563095,0,0.2916666567325592,0.04827586188912392,0,0,0,0.2916666567325592,0.3333333432674408,0.1538461595773697,0.125827819108963,0,0.7142857313156128,0,0,0.05263157933950424,0.5121951103210449,0.7820613980293274,0.75,0.6666666865348816,0.6363636255264282,0,1.0,0.3333333432674408,0,0.6666666865348816,0.4033613204956054,0.8366889953613281,0.389380544424057,0.444444477558136,0.682539701461792,0,0.7937934398651123,0.13333334028720856,1.0,0,0.0,0.6882352828979492,0.0,0.8215767741203308,0.6153846383094788,0.0,0.8333333730697632,0,0.2567567527294159,0,0.0714285746216774,0,1.0,0.06730768829584122,0,0,0,0,1.0,0.6360424757003784,0.7257617712020874,0,0.0,0,0,0,1,0,0,0,0.1004016101360321,0.761904776096344,0.0,0,1.0,0.1688888818025589,0,0,0,0,0.0,0,0,0.54,0.6349206566810608,0,0.7150433659553528,0,0,0.3333333432674408,0.0555555559694767,0.8333333134651184,0,0.8990195989608765,0,0.7540322542190552,0,0.0,0.3333333432674408,0,0.9373247623443604,0,0,0.9090909361839294,0,0.651045024394989,0.8888888955116272,0.6363636255264282,0,0,0.230373352766037,0.8596087694168091,0.7420679330825806,0.8098159432411194,0,0.529411792755127,0,0.7983871102333069,1.0,0,0.6084936857223511,0.0,1.0,0,0.23456789553165436,0.3478260934352875,0.3896104097366333,0.0,0.0,0,0.0,0,0,0
figer_L2AWE_adapter_bert_ms,0,3bvzfdqf,0.625,0.5467836260795593,0,0.14814814925193787,0,0,0,0.16393442451953888,0.36279070377349854,0.6829268336296082,0.7037635445594788,0,0.0,0.0,0,0,0,0,0.0,0,0,6,0,0,0,1.0,0.7278687953948975,0.08620689809322357,0.5882353186607361,0.7038352489471436,1.0,0,0,0.24412444233894348,0.7317793369293213,0,0.24347826838493347,0.15589351952075958,0.0,0,0,0.0,0,0,0.3014705777168274,0.0923076942563057,0.0,0.10526315867900848,0,0,0.125,0,0.5538461804389954,0.0,0.31060606241226196,0.0,0,0,0,0.11363636702299118,0.6428571343421936,0,0.6666666865348816,0,0,0,0,0.6761590838432312,0.30588236451148987,0.5,0.8947368264198303,0,0.7407407164573669,0,0,0,0.2631579041481018,0.71074378490448,0,0.0,0.7451327443122864,0.0,0.0,0,0.7140964865684509,0,0.04838709533214569,0,0.10000000149011612,0.0,0,0,0.0,0,0.0,0.1587301641702652,0,0.8222222328186035,0.7692307829856873,0,0,0,0,0.2222222238779068,0.0,0,0.0,0,0,0.3725490272045135,0.5769230723381042,0.07518796622753143,0,0,0.0,0.0,0.9047619104385376,0.3761467933654785,0,0.2142857164144516,0,0,0,0,0.6506384015083313,0,0.10000000149011612,0.3720930218696594,0,0,0,0,0.9578947424888612,0,0.0,0,0.0,0.08000000566244125,0.0983213409781456,0.6231883764266968,0,0,0.20822742581367493,0,0.0416666679084301,0.04827586188912392,0,0,0,0.35555556416511536,0.3333333432674408,0.1538461595773697,0.13461539149284363,0,0.2857142984867096,0,0,0.06666667014360428,0.39024388790130615,0.7518967986106873,0.8269230723381042,0.6666666865348816,0.09090909361839294,0,1.0,0.0,0,0.699999988079071,0.305970162153244,0.8310502171516418,0.3319149315357208,0.1818181872367859,0.7659574747085571,0,0.7491945028305054,0.0,1.0,0,0.0,0.6529411673545837,0.0,0.8048780560493469,0.1538461595773697,0.0,0.444444477558136,0,0.18918919563293457,0,0.0,0,0.0,0.0651162788271904,0,0,0,0,1.0,0.5944228172302246,0.777543306350708,0,0.0,0,0,0,1,0,0,0,0.0892857164144516,0.736842155456543,0.0,0,0.0,0.15730337798595428,0,0,0,0,0.0,0,0,0.5700000000000001,0.4944216012954712,0,0.6972479820251465,0,0,0.5,0.0555555559694767,0.8333333134651184,0,0.9029411673545836,0,0.7338709831237793,0,0.0,0.0,0,0.953387975692749,0,0,1.0,0,0.6787658929824829,0.7777777910232544,0.1666666716337204,0,0,0.18153396248817444,0.8390465974807739,0.7270725965499878,0.8016194701194763,0,0.5882353186607361,0,0.7983871102333069,1.0,0,0.6827279329299927,0.0,1.0,0,0.23456789553165436,0.2222222238779068,0.3125,0.0,0.0,0,0.0,0,0,0
bbn_L2AWE_adapter_bert_ms,2,3d3jj6tk,0.0,0.528265118598938,0,0.2380952388048172,0,0,0,0.12834225594997406,0.34062498807907104,0.5625,0.6169911623001099,0,0.0,0.0,0,0,0,0,0.0,0,0,5,0,0,0,0.0,0.5958904027938843,0.17241379618644714,0.5882353186607361,0.6860795617103577,0.959999978542328,0,0,0.1591094732284546,0.6790770888328552,0,0.3345724940299988,0.17218545079231262,0.0,0,0,0.0,0,0,0.220095694065094,0.0,0.0,0.03921568766236305,0,0,0.5,0,0.7538461685180664,0.0,0.6969696879386902,0.0,0,0,0,0.4772727191448212,0.7153285145759583,0,0.2857142984867096,0,0,0,0,0.6486753821372986,0.4274509847164154,0.0,0.7855072617530823,0,0.6451613306999207,0,0,0,0.26249998807907104,0.582524299621582,0,0.0,0.8097345232963562,0.0,0.0,0,0.7066503763198853,0,0.0,0,0.0,0.0,0,0,0.0,0,0.0,0.33870965242385864,0,0.7131147384643555,0.26923078298568726,0,0,0,0,0.6666666865348816,0.0,0,0.0,0,0,0.4285714030265808,0.3461538553237915,0.06578947603702545,0,0,0.0,0.0,0.774193525314331,0.4770642220973969,0,0.119999997317791,0,0,0,0,0.6837900280952454,0,0.1458333283662796,0.2531645894050598,0,0,0,0,0.765625,0,0.0,0,0.0,0.0,0.10505050420761108,0.5882353186607361,0,0,0.16705100238323212,0,0.0,0.04827586188912392,0,0,0,0.2631579041481018,0.0,0.0,0.062745101749897,0,0.0,0,0,0.04065040498971939,0.2439024448394775,0.698481559753418,0.5769230723381042,0.325581431388855,0.0,0,1.0,0.0,0,0.6363636255264282,0.33454546332359314,0.7777777910232544,0.37913042306900024,0.22727273404598236,0.6805555820465088,0,0.8126165866851807,0.0,0.0,0,0.0,0.5117647051811218,0.0,0.7620967626571655,0.1923076957464218,0.0,0.0,0,0.21621622145175937,0,0.0,0,0.0,0.07253886014223099,0,0,0,0,0.0,0.5412600040435791,0.7225310206413269,0,0.0,0,0,0,1,0,0,0,0.06876790523529053,0.699999988079071,0.0,0,0.0,0.09726443886756896,0,0,0,0,0.0,0,0,0.4,0.40648600459098816,0,0.7365577220916748,0,0,0.1666666716337204,0.019999999552965164,0.0,0,0.8284313678741455,0,0.7903226017951965,0,0.0,0.0,0,0.9180076718330384,0,0,0.7142857313156128,0,0.631701648235321,0.7777777910232544,0.0,0,0,0.17582695186138153,0.8621031045913696,0.6922250390052795,0.7620967626571655,0,0.4117647111415863,0,0.7620967626571655,1.0,0,0.6406368613243103,0.0,0.0,0,0.29629629850387573,0.2777777910232544,0.178217813372612,0.0,0.0,0,0.0,0,0,0
bbn_L2AWE_adapter_bert_ms,1,etsu4noj,0.1428571492433548,0.45419102907180786,0,0.12169311940670012,0,0,0,0.15334419906139374,0.3417721390724182,0.6969696879386902,0.6520565152168274,0,0.0,0.0,0,0,0,0,0.0,0,0,5,0,0,0,0.0,0.06629835069179535,0.0517241396009922,0.6470588445663452,0.6590909361839294,0.9399999976158142,0,0,0.17474806308746338,0.6869089007377625,0,0.20720720291137695,0.1568627506494522,0.0,0,0,0.0,0,0,0.2857142984867096,0.0,0.0,0.0,0,0,0.5,0,0.3692307770252228,0.0,0.3484848439693451,0.0,0,0,0,0.1931818127632141,0.4403669536113739,0,0.2857142984867096,0,0,0,0,0.6320083141326904,0.3176470696926117,0.10000000149011612,0.8442028760910034,0,0.6875,0,0,0,0.30909091234207153,0.5102040767669678,0,0.0,0.7460176944732666,0.0,0.0,0,0.6742154955863953,0,0.0,0,0.0,0.0,0,0,0.0,0,0.0,0.2377622276544571,0,0.5454545617103577,0.3529411852359772,0,0,0,0,0.6666666865348816,0.0,0,0.0,0,0,0.2717770040035248,0.26923078298568726,0.04958678036928177,0,0,0.0,0.0,0.8863636255264282,0.40366971492767334,0,0.1458333283662796,0,0,0,0,0.6131561398506165,0,0.11320754885673524,0.27272728085517883,0,0,0,0,0.7428571581840515,0,0.0,0,0.0,0.08000000566244125,0.09734513610601424,0.54347825050354,0,0,0.1518229991197586,0,0.0416666679084301,0.04137931019067764,0,0,0,0.36000001430511475,0.0,0.0,0.06896551698446274,0,0.0,0,0,0.0476190485060215,0.2195121943950653,0.6868985891342163,0.48076921701431274,0.3529411852359772,0.0,0,1.0,0.0,0,0.5714285969734192,0.3139931857585907,0.7878787517547607,0.32926830649375916,0.2222222238779068,0.5454545617103577,0,0.7181617617607117,0.0,0.0,0,0.0,0.03529411926865578,0.0,0.7256944179534912,0.1923076957464218,0.0,0.0,0,0.13513512909412384,0,0.0,0,0.0,0.06060606241226196,0,0,0,0,0.0,0.5754266381263733,0.6866920590400696,0,0.0,0,0,0,0,0,0,0,0.08348134905099869,0.5,0.0,0,0.0,0.09132420271635056,0,0,0,0,0.0,0,0,0.51,0.4683333337306976,0,0.6619826555252075,0,0,0.1666666716337204,0.0,0.25,0,0.8852941393852234,0,0.8387096524238586,0,0.0,0.0,0,0.932613968849182,0,0,0.7333333492279053,0,0.5906209945678711,0.4444444477558136,0.0,0,0,0.13421538472175598,0.8114581108093262,0.6727075576782227,0.7798507213592529,0,0.3529411852359772,0,0.8427419066429138,1.0,0,0.560869574546814,0.0,1.0,0,0.16049382090568542,0.2631579041481018,0.18918919563293457,0.0,0.0,0,0.0,0,0,0
bbn_L2AWE_adapter_bert_ms,0,2lxrlh5x,0.111111119389534,0.5126705765724182,0,0.39153438806533813,0,0,0,0.1314285546541214,0.3956044018268585,0.35922330617904663,0.6338734030723572,0,0.0,0.0,0,0,0,0,0.0,0,0,5,0,0,0,0.0,0.6759003400802612,0.1034482792019844,0.6470588445663452,0.7151988744735718,0.9200000166893004,0,0,0.1567641645669937,0.6847521066665649,0,0.37468352913856506,0.17910447716712952,0.0,0,0,0.0,0,0,0.31578946113586426,0.0,0.0,0.03703703731298447,0,0,0.5,0,0.7846153974533081,0.0,0.3181818127632141,0.0,0,0,0,0.17045454680919647,0.6710526347160339,0,0.20000000298023224,0,0,0,0,0.642509937286377,0.2823529541492462,0.10000000149011612,0.798179030418396,0,0.6875,0,0,0,0.24193547666072843,0.47826087474823,0,0.0,0.7415929436683655,0.0,0.0,0,0.689931333065033,0,0.0,0,0.0,0.0,0,0,0.0,0,0.0,0.19999998807907104,0,0.6387434601783752,0.30434781312942505,0,0,0,0,0.6666666865348816,0.0,0,0.0,0,0,0.4207492768764496,0.5384615659713745,0.05581395700573921,0,0,0.0,0.0,0.7019230723381042,0.4403669834136963,0,0.11965811997652054,0,0,0,0,0.6513850688934326,0,0.09473684430122375,0.2500000298023224,0,0,0,0,0.8024691343307495,0,0.0,0,0.0,0.2222222238779068,0.11241217702627182,0.550000011920929,0,0,0.16478104889392853,0,0.125,0.062068965286016464,0,0,0,0.25641027092933655,0.0,0.0,0.05076142027974129,0,0.0,0,0,0.03821656107902527,0.2439024448394775,0.6517799496650696,0.42307692766189575,0.3499999940395355,0.0,0,1.0,0.0,0,0.5384615659713745,0.31698113679885864,0.7942973971366882,0.32951948046684265,0.21686746180057528,0.5862069129943848,0,0.7474987506866455,0.0,0.0,0,0.0,0.7176470756530762,0.0,0.7357142567634583,0.3461538553237915,0.0,0.0,0,0.13513512909412384,0,0.0,0,0.0,0.07500000298023224,0,0,0,0,0.0,0.5845831632614136,0.6927286982536316,0,0.0,0,0,0,1,0,0,0,0.07076922804117203,0.636363685131073,0.0,0,0.0,0.07380074262619019,0,0,0,0,0.0,0,0,0.39,0.4824409782886505,0,0.6951894760131836,0,0,0.1666666716337204,0.01886792480945587,0.125,0,0.8686274290084839,0,0.7862903475761414,0,0.0,0.0,0,0.9315299987792968,0,0,0.7333333492279053,0,0.6243323087692261,0.7777777910232544,0.0,0,0,0.17366211116313934,0.8294289112091064,0.6820182800292969,0.7803030014038086,0,0.4117647111415863,0,0.8306451439857483,0.25,0,0.5760728120803833,0.0,1.0,0,0.30041152238845825,0.15789473056793213,0.19580420851707456,0.0,0.0,0,0.0,0,0,0
figer_kenn_adapter_bert_ms,2,lbm8jc61,0.6000000238418579,0.5682260990142822,0,0.14814814925193787,0,0,0,0.16780821979045868,0.3680555522441864,0.5833333134651184,0.6479073166847229,0,0.5454545617103577,0.2857142984867096,0,0,0,0,0.0,0,0,15,0,0,0,0.6000000238418579,0.761904776096344,0.12068965286016464,0.7647058963775635,0.7528409361839294,0.9800000190734864,0,0,0.2840058207511902,0.6949598789215088,0,0.2362869381904602,0.14581066370010376,0.0706319734454155,0,0,0.0,0,0,0.2720000147819519,0.0923076942563057,0.5333333611488342,0.08695653080940247,0,0,0.375,0,0.6000000238418579,0.13058419525623322,0.5151515007019043,0.0,0,0,0,0.125,0.6290322542190552,0,0.4000000059604645,0,0,0,0,0.663948118686676,0.4156862795352936,0.6000000238418579,0.863703727722168,0,0.7428571581840515,0,0,0,0.20370370149612427,0.6285714507102966,0,0.6666666865348816,0.699999988079071,0.0,0.8636363744735718,0,0.7070379853248596,0,0.04838709533214569,0,0.20000000298023224,0.012987012974917889,0,0,1.0,0,0.0,0.15492957830429077,0,0.7710843086242676,0.22727273404598236,0,0,0,0,0.5454545617103577,0.0,0,0.0,0,0,0.4754098653793335,0.6538461446762085,0.08284023404121399,0,1,0.4000000059604645,0.5,0.707317054271698,0.6146789193153381,0,0.232876718044281,0,1,0,0,0.6808034181594849,0,0.10778442770242692,0.3655913770198822,0,0,0,0,0.8600823283195496,0,0.0,0,0.06185567006468773,0.5,0.08271604776382446,0.5,1,0,0.2739922106266022,0,0.375,0.12413793057203291,0,0,0,0.32692307233810425,0.5,0.2857142984867096,0.10465116053819656,0,0.5714285969734192,0,0,0.06306306272745132,0.4146341383457184,0.7275223135948181,0.8461538553237915,0.32786884903907776,0.5454545617103577,0,1.0,0.25,0,0.4444444477558136,0.3560209572315216,0.8513237833976746,0.3904235661029816,0.508474588394165,0.6610169410705566,0,0.7625911235809326,0.13333334028720856,1.0,0,0.0,0.7529411911964417,0.0,0.788844645023346,0.5769230723381042,0.0,0.7272727489471436,0,0.2432432472705841,0,0.0714285746216774,0,0.800000011920929,0.11538460850715636,0,0,0,1,1.0,0.615564227104187,0.7094846963882446,0,0.1111111119389534,0,0,0,1,0,0,0,0.0917603000998497,0.5925925970077515,0.0,0,1.0,0.1463414579629898,0,0,0,0,0.5,0,0,0.48,0.5493055582046509,0,0.7195433378219604,0,1,0.3333333432674408,0.04545454680919647,0.6000000238418579,0,0.9313725233078004,0,0.8427419066429138,0,0.0,0.4000000059604645,0,0.95376455783844,0,0,0.7222222089767456,0,0.6854791641235352,0.8888888955116272,0.5714285373687744,0,0,0.26466071605682373,0.8475310802459717,0.7399650812149048,0.7935872077941895,0,0.5882353186607361,0,0.7983871102333069,0.5,0,0.5729795098304749,0.444444477558136,0.75,0,0.3580246865749359,0.4545454680919647,0.3434343636035919,0.025316456332802773,0.0,0,0.0,0,0,0
figer_kenn_adapter_bert_ms,1,34v4lcvn,0.5882353186607361,0.5769980549812317,0,0.14814814925193787,0,0,0,0.17192982137203217,0.3733333349227905,0.6829268336296082,0.6509550213813782,0,0.7857142686843872,0.0,0,0,0,0,0.0,0,0,16,0,0,0,0.5,0.7893174886703491,0.13793103396892548,0.7647058963775635,0.7528409361839294,0.9800000190734864,0,0,0.29580384492874146,0.692236065864563,0,0.24347826838493347,0.14567901194095612,0.05576208233833313,0,0,0.3333333432674408,0,0,0.26859503984451294,0.0923076942563057,0.4761905074119568,0.06451613456010818,0,0,0.25,0,0.6000000238418579,0.10489511489868164,0.49242424964904785,0.0,0,0,0,0.21590909361839297,0.6093750596046448,0,0.2857142984867096,0,0,0,0,0.6599661707878113,0.3294117748737335,0.5,0.884902834892273,0,0.8387096524238586,0,0,0,0.27941176295280457,0.6829268336296082,0,0.6666666865348816,0.7088495492935181,0.0,0.8823529481887817,0,0.6990305185317993,0,0.04838709533214569,0,0.30000001192092896,0.03846153989434242,0,0,1.0,0,0.0,0.24358974397182465,0,0.796407163143158,0.12820513546466827,0,0,0,0,0.4000000059604645,0.1428571492433548,0,0.0,0,0,0.4902507364749909,0.5769230723381042,0.09248554706573486,0,1,0.5,0.5,0.7586206793785095,0.5412843823432922,0,0.1923076957464218,0,0,0,0,0.6692302227020264,0,0.1488095223903656,0.4210526049137115,0,0,0,0,0.8947368264198303,0,0.20000000298023224,0,0.11340206116437912,0.4374999701976776,0.08416547626256943,0.591549277305603,1,0,0.2785714864730835,0,0.2916666567325592,0.17241379618644714,0,0,0,0.3703703582286834,0.6000000238418579,0.4000000059604645,0.10285714268684389,0,0.4285714328289032,0,0,0.06956521421670914,0.4878048896789551,0.7167004942893982,0.807692289352417,0.21052634716033936,0.7272727489471436,0,1.0,0.3333333432674408,0,0.5833333134651184,0.3475935757160187,0.8571428656578064,0.3500000238418579,0.47058823704719543,0.6190476417541504,0,0.7352891564369202,0.13333334028720856,1.0,0,0.0,0.7823529243469238,0.0,0.8023715615272522,0.6153846383094788,0.0,0.5999999642372131,0,0.2432432472705841,0,0.0714285746216774,0,0.8333333134651184,0.15974439680576324,0,0,0,1,1.0,0.6233462691307068,0.6846457719802856,0,0.19819819927215576,0,0,0,1,0,0,0,0.0942307710647583,0.6666666269302368,0.0,0,1.0,0.14457830786705017,0,0,0,0,1.0,0,0,0.5,0.5562499761581421,0,0.705959677696228,0,1,0.1666666716337204,0.03333333507180214,0.7142857313156128,0,0.9333333373069764,0,0.8225806355476379,0,0.0,0.3333333432674408,0,0.9569631218910216,0,0,0.9285714030265808,0,0.698525071144104,0.7777777910232544,0.5925925970077515,0,0,0.2632364332675934,0.8316072225570679,0.7343263030052185,0.8103792667388916,0,0.5882353186607361,0,0.8185483813285828,1.0,0,0.540601909160614,0.0,0.875,0,0.3621399104595184,0.380952388048172,0.2884615361690521,0.07407407462596893,0.0,0,0.0,0,0,0
figer_kenn_adapter_bert_ms,0,14y675ou,0.5333333611488342,0.6052631735801697,0,0.25925925374031067,0,0,0,0.1510574072599411,0.38075312972068787,0.5903614163398743,0.6670034527778625,0,0.75,0.0,0,0,0,0,0.0,0,0,10,0,0,0,1.0,0.7594937086105347,0.13793103396892548,0.7647058963775635,0.7634943127632141,1.0,0,0,0.2635778784751892,0.7149572372436523,0,0.3602941036224365,0.15157894790172577,0.026022305712103844,0,0,0.0,0,0,0.29559749364852905,0.0923076942563057,0.0,0.06896552443504333,0,0,0.375,0,0.6153846383094788,0.05054152011871338,0.35606059432029724,0.0,0,0,0,0.14772726595401764,0.6666666865348816,0,0.6000000238418579,0,0,0,0,0.6783367991447449,0.35686275362968445,0.4000000059604645,0.8771186470985413,0,0.8125,0,0,0,0.38235294818878174,0.7090908288955688,0,0.6666666865348816,0.7292035222053528,0.0,0.875,0,0.7242162823677063,0,0.04838709533214569,0,0.20000000298023224,0.0,0,0,1.0,0,0.0,0.21311475336551663,0,0.8219178318977356,0.1369863003492355,0,0,0,0,0.5454545617103577,0.0,0,0.0,0,0,0.47337278723716736,0.42307692766189575,0.0824742242693901,0,0,0.3333333134651184,0.5,0.8421052694320679,0.6605504751205444,0,0.125,0,0,0,0,0.6900619864463806,0,0.15789473056793213,0.3500000238418579,0,0,0,0,0.8796296119689941,0,0.0,0,0.09278350323438644,0.1538461595773697,0.08561236411333084,0.6724137663841248,1,0,0.2413864433765411,0,0.0833333358168602,0.1034482792019844,0,0,0,0.3589743673801422,0.5,0.2857142984867096,0.07692307978868484,0,0.4285714328289032,0,0,0.05882352963089943,0.3414634168148041,0.7480862736701965,0.75,0.2222222238779068,0.4545454680919647,0,1.0,0.20000000298023224,0,0.5454545617103577,0.32302406430244446,0.818965494632721,0.3684210479259491,0.4137931168079376,0.7272727489471436,0,0.7858232855796814,0.0,1.0,0,0.0,0.7058823704719543,0.0,0.8041666746139526,0.4615384638309479,0.0,0.5999999642372131,0,0.22972972691059113,0,0.0,0,0.0,0.125,0,0,0,0,1.0,0.6390073895454407,0.7330003976821899,0,0.16513760387897491,0,0,0,1,0,0,0,0.08169934898614883,0.6000000238418579,0.0,0,0.0,0.1152542382478714,0,0,0,0,0.0,0,0,0.46,0.5686680674552917,0,0.7337182760238647,0,0,0.5,0.0357142873108387,0.800000011920929,0,0.9352940917015076,0,0.7661290168762207,0,0.0,0.0,0,0.958428144454956,0,0,0.8666666746139526,0,0.7162629961967468,0.6666666865348816,0.625,0,0,0.22264158725738523,0.8635855317115784,0.7557117342948914,0.7909836173057556,0,0.5882353186607361,0,0.7782257795333862,0.75,0,0.6026532053947449,0.0,1.0,0,0.3292181193828583,0.375,0.1929824501276016,0.0,0.0,0,0.0,0,0,0
bbn_kenn_adapter_bert_ms,2,nr3mpsig,0.2307692319154739,0.5331383943557739,0,0.24867725372314453,0,0,0,0.13079018890857697,0.2540415823459625,0.49473685026168823,0.5715534090995789,0,0.0,0.0,0,0,0,0,0.0,0,0,11,0,0,0,0.8333333134651184,0.5952381491661072,0.1034482792019844,0.7058823704719543,0.7876420617103577,0.959999978542328,0,0,0.21641090512275696,0.6388219594955444,0,0.3309859037399292,0.16489361226558685,0.0,0,0,0.0,0,0,0.22704081237316132,0.12121212482452393,0.1621621698141098,0.0,0,0,0.375,0,0.8769230842590332,0.0,0.6742424368858337,0.0,0,0,0,0.40909090638160706,0.6993865966796875,0,0.5,0,0,0,0,0.622654378414154,0.4313725531101227,0.30000001192092896,0.7825465202331543,0,0.6666666865348816,0,0,0,0.29032257199287415,0.5384615659713745,0,1.0,0.7707964777946472,0.0,0.0,0,0.6788727045059204,0,0.06451612710952759,0,0.30000001192092896,0.0,0,0,1.0,0,0.0,0.3396226465702057,0,0.6024096608161926,0.21621622145175937,0,0,0,0,0.5454545617103577,0.0,0,0.0,0,0,0.4310344457626343,0.3846153914928436,0.053333330899477005,0,0,0.25,1.0,0.7142857313156128,0.5688073635101318,0,0.09259258955717088,0,0,0,0,0.6837900280952454,0,0.10126582533121108,0.26829269528388977,0,0,0,0,0.7765151262283325,0,0.0,0,0.0,0.43243247270584106,0.09642301499843596,0.5384615659713745,1,0,0.2204492539167404,0,0.3333333432674408,0.11034482717514038,0,0,0,0.26829269528388977,0.4285714328289032,0.35294121503829956,0.04642857238650322,0,0.5714285969734192,0,0,0.0359281450510025,0.26829269528388977,0.5503721833229065,0.5384615659713745,0.29629629850387573,0.4545454680919647,0,1.0,0.1428571492433548,0,0.5,0.33969464898109436,0.80078125,0.31976744532585144,0.2650602459907532,0.581632673740387,0,0.7707308530807495,0.25,1.0,0,0.0,0.5882353186607361,0.0,0.7266187071800232,0.42307692766189575,0.0,0.7272727489471436,0,0.1756756752729416,0,0.1428571492433548,0,0.4285714328289032,0.10561056435108183,0,0,0,0,1.0,0.5360000133514404,0.6904024481773376,0,0.0,0,0,0,0,0,0,0,0.07017543911933899,0.6086956858634949,0.0,0,1.0,0.07344632595777512,0,0,0,0,0.0,0,0,0.34,0.4108490645885467,0,0.7242813110351562,0,0,0.5,0.0,0.1875,0,0.8745098114013672,0,0.8266128897666931,0,0.0,0.10000000149011612,0,0.9194821119308472,0,0,0.6315789222717285,0,0.6342028975486755,0.7777777910232544,0.5882353186607361,0,0,0.22464117407798767,0.8385608792304993,0.6479696035385132,0.7680608034133911,0,0.47058823704719543,0,0.8145161271095276,0.5,0,0.5703324675559998,0.0,0.6153846383094788,0,0.3086419701576233,0.1929824501276016,0.1492537260055542,0.0,0.0,0,0.0,0,0,0
bbn_kenn_adapter_bert_ms,1,ejjnrrir,0.2857142686843872,0.4863547682762146,0,0.20105819404125216,0,0,0,0.16906476020812988,0.3554007112979889,0.60317462682724,0.6244457364082336,0,0.0,0.0,0,0,0,0,0.0,0,0,10,0,0,0,0.8333333134651184,0.6875,0.06896551698446274,0.6470588445663452,0.7776988744735718,0.9399999976158142,0,0,0.2245623767375946,0.6698346138000488,0,0.30158731341362,0.1603630781173706,0.0,0,0,0.0,0,0,0.2656826674938202,0.12121212482452393,0.125,0.0,0,0,0.375,0,0.7846153974533081,0.0,0.5454545617103577,0.0,0,0,0,0.28409090638160706,0.7234042882919312,0,0.4000000059604645,0,0,0,0,0.6378812789916992,0.4000000059604645,0.30000001192092896,0.8344481587409973,0,0.6875,0,0,0,0.2777777910232544,0.5544554591178894,0,0.0,0.7230088710784912,0.0,0.0,0,0.6799083948135376,0,0.06451612710952759,0,0.30000001192092896,0.0,0,0,0.0,0,0.0,0.28089889883995056,0,0.7333333492279053,0.3333333432674408,0,0,0,0,0.5454545617103577,0.0,0,0.0,0,0,0.40361446142196655,0.3846153914928436,0.04848484694957733,0,0,0.0,0.0,0.7528089880943298,0.4862385392189026,0,0.12987013161182404,0,0,0,0,0.651907742023468,0,0.09900990128517152,0.2816901206970215,0,0,0,0,0.7773584723472595,0,0.0,0,0.0,0.3636363744735718,0.09601449221372604,0.5714285969734192,0,0,0.20138978958129883,0,0.25,0.06896551698446274,0,0,0,0.3333333432674408,0.4285714328289032,0.35294121503829956,0.05445544421672821,0,0.2857142984867096,0,0,0.037383176386356354,0.2439024448394775,0.5524722337722778,0.5384615659713745,0.39024391770362854,0.4545454680919647,0,1.0,0.0,0,0.5384615659713745,0.357320100069046,0.803118884563446,0.3763837516307831,0.27586209774017334,0.6710526347160339,0,0.7357978820800781,0.13333334028720856,1.0,0,0.0,0.6470588445663452,0.0,0.7428571581840515,0.3076923191547394,0.0,0.444444477558136,0,0.14864864945411682,0,0.0714285746216774,0,1.0,0.08130080997943878,0,0,0,0,1.0,0.5877698063850403,0.6936867237091064,0,0.0,0,0,0,0,0,0,0,0.09288537502288818,0.636363685131073,0.0,0,1.0,0.07971014082431793,0,0,0,0,0.0,0,0,0.45,0.4951515197753906,0,0.6902897357940674,0,0,0.3333333432674408,0.0,0.27272728085517883,0,0.8725489974021912,0,0.8306451439857483,0,0.0,0.06666667014360428,0,0.9289231300354004,0,0,0.7333333492279053,0,0.6145319938659668,0.7777777910232544,0.5882353186607361,0,0,0.1825522184371948,0.821158230304718,0.6460177302360535,0.7383366823196411,0,0.47058823704719543,0,0.7338709831237793,0.5,0,0.5756791830062866,0.0,0.6666666865348816,0,0.27572017908096313,0.25,0.19417475163936615,0.0,0.0,0,0.0,0,0,0
bbn_kenn_adapter_bert_ms,0,1i0brfmp,0.27272728085517883,0.5175438523292542,0,0.25925925374031067,0,0,0,0.14501510560512543,0.28272250294685364,0.5051546096801758,0.5967974066734314,0,0.0,0.0,0,0,0,0,0.0,0,0,9,0,0,0,0.8333333134651184,0.6609195470809937,0.1034482792019844,0.7058823704719543,0.7691761255264282,0.959999978542328,0,0,0.2088431864976883,0.660067081451416,0,0.3426573574542999,0.16825397312641144,0.0,0,0,0.0,0,0,0.26989617943763733,0.12121212482452393,0.12121213227510452,0.054054055362939835,0,0,0.375,0,0.7846153974533081,0.0,0.5909090638160706,0.0,0,0,0,0.35227271914482117,0.6580644845962524,0,0.5,0,0,0,0,0.6364618539810181,0.4235294163227082,0.30000001192092896,0.8009049892425537,0,0.6153846383094788,0,0,0,0.30693069100379944,0.5981308817863464,0,0.6666666865348816,0.7575221061706543,0.0,0.0,0,0.6906654238700867,0,0.06451612710952759,0,0.30000001192092896,0.0,0,0,1.0,0,0.0,0.32804232835769653,0,0.6460674405097961,0.29629629850387573,0,0,0,0,0.5454545617103577,0.0,0,0.0,0,0,0.41055721044540405,0.3846153914928436,0.04878048598766327,0,0,0.0,0.5,0.7142857313156128,0.4862385392189026,0,0.10638298094272614,0,0,0,0,0.6817740797996521,0,0.10769230872392654,0.23529411852359772,0,0,0,0,0.7446808218955994,0,0.0,0,0.0,0.25806453824043274,0.1017274484038353,0.581818163394928,0,0,0.20923656225204468,0,0.1666666716337204,0.09655172377824783,0,0,0,0.22727273404598236,0.4285714328289032,0.35294121503829956,0.04545454680919647,0,0.4285714328289032,0,0,0.03191489353775978,0.2439024448394775,0.5757575631141663,0.6153846383094788,0.3636363446712494,0.4545454680919647,0,1.0,0.0,0,0.5,0.3705463111400604,0.792452871799469,0.3390894830226898,0.2461538314819336,0.5666666626930237,0,0.7764965295791626,0.0,1.0,0,0.0,0.6764705777168274,0.0,0.7399267554283142,0.3076923191547394,0.0,0.5999999642372131,0,0.1756756752729416,0,0.0,0,0.6666666865348816,0.10181818902492525,0,0,0,0,1.0,0.5466155409812927,0.6887466907501221,0,0.0,0,0,0,1,0,0,0,0.0784313753247261,0.6086956858634949,0.0,0,0.0,0.07222222536802292,0,0,0,0,0.0,0,0,0.35000000000000003,0.42757242918014526,0,0.7242385745048523,0,0,0.5,0.02777777798473835,0.25,0,0.8970588445663452,0,0.8467742204666138,0,0.0,0.06666667014360428,0,0.924490213394165,0,0,0.5454545617103577,0,0.6287744641304016,0.7777777910232544,0.5882353186607361,0,0,0.20963142812252045,0.8440552949905396,0.6585587859153748,0.7754318714141846,0,0.47058823704719543,0,0.8145161271095276,0.5,0,0.5589492917060852,0.0,0.5714285969734192,0,0.2880658507347107,0.20512820780277252,0.1666666716337204,0.0,0.0,0,0.0,0,0,0
figer_classifier_adapter_bert_ms,2,3w019xrl,0.7777777910232544,0.5867446660995483,0,0.14814814925193787,0,0,0,0.1686340570449829,0.455089807510376,0.5490196347236633,0.7109459638595581,0,0.20000000298023224,0.0,0,0,0,0,0.0,0,0,5,0,0,0,0.6000000238418579,0.7893333435058594,0.1551724076271057,0.29411765933036804,0.7542613744735718,1.0,0,0,0.26859423518180847,0.7462807893753052,0,0.23333334922790527,0.1626928448677063,0.05576208233833313,0,0,0.75,0,0,0.395061731338501,0.0,0.0,0.1818181872367859,0,0,0.375,0,0.6769230961799622,0.10452961176633836,0.24242424964904785,0.0,0,0,0,0.7159090638160706,0.682170569896698,0,0.5,0,0,0,0,0.6981110572814941,0.2980392277240753,0.699999988079071,0.8826979398727417,0,0.4545454680919647,0,0,0,0.529411792755127,0.6614173054695129,0,0.800000011920929,0.7530973553657532,0.0,0.8333333134651184,0,0.7397456765174866,0,0.0,0,0.0,0.03846153989434242,0,0,0.6666666865348816,0,1.0,0.6086956858634949,0,0.7219512462615967,0.4285714328289032,0,0,0,0,0.5454545617103577,0.2142857164144516,0,0.0,0,0,0.46060603857040405,0.03846153989434242,0.11764705926179886,0,1,0.5,1.0,0.8735632300376892,0.5321100950241089,0,0.0714285746216774,0,0,0,0,0.6857313513755798,0,0.09090909361839294,0.37037038803100586,0,0,0,0,0.8823529481887817,0,0.3333333134651184,0,0.010309278033673763,0.6499999761581421,0.09602648764848708,0.5600000023841858,1,0,0.26414623856544495,0,0.5416666865348816,0.03448275849223137,0,0,0,0.375,0.0,0.0,0.08552631735801697,0,0.5714285969734192,0,0,0.09473684430122375,0.3658536672592163,0.7791635990142822,0.807692289352417,0.4736842215061188,0.5454545617103577,0,1.0,0.3333333432674408,0,0.4545454680919647,0.3004694879055023,0.8641975522041321,0.3601895868778229,0.5396825075149536,0.6875,0,0.7836188077926636,0.0,0.0,0,0.0,0.8705882430076599,1.0,0.8493150472640991,0.6538461446762085,0.0,0.5714285969734192,0,0.1756756752729416,0,0.0,0,0.0,0.05000000074505806,0,0,0,1,0.5714285969734192,0.6229867935180664,0.767252504825592,0,0.01960784383118153,0,0,0,1,0,0,0,0.09208103269338608,0.5,0.0,0,0.0,0.1150442585349083,0,0,0,0,0.5,0,0,0.54,0.5312109589576721,0,0.7333240509033203,0,1,0.3333333432674408,0.10000000149011612,0.875,0,0.8774510025978088,0,0.8467742204666138,0,0.0,0.0,0,0.960706889629364,0,0,1.0,0,0.7049180269241333,0.5555555820465088,0.5714285373687744,0,0,0.2598431706428528,0.8631737232208252,0.7665103077888489,0.79657381772995,0,0.529411792755127,1,0.75,1.0,0,0.6816450953483582,0.0,0.8125,0,0.3127571940422058,0.45945945382118225,0.05000000074505806,0.0714285671710968,0.0,0,0.0,0,0,0
figer_classifier_adapter_bert_ms,1,1x7yaqd9,0.7200000286102295,0.6656920313835144,0,0.3174603283405304,0,0,0,0.10405827313661575,0.42105263471603394,0.6122449040412903,0.6319761872291565,0,0.25,0.0,0,0,0,0,1.0,0,0,5,0,0,0,0.7142857313156128,0.7949999570846558,0.22413793206214905,0.5882353186607361,0.7755681872367859,1.0,0,0,0.2819786071777344,0.6857185363769531,0,0.4181184768676758,0.14394766092300415,0.09293680638074876,0,0,0.3076923191547394,0,0,0.41237112879753113,0.029411764815449715,0.0,0.10526315867900848,0,0,0.75,0,0.7692307829856873,0.16233767569065094,0.3030303120613098,0.0,0,0,0,0.6704545617103577,0.6369426846504211,0,0.6000000238418579,0,0,0,0,0.6699417233467102,0.40784314274787903,0.8999999761581421,0.8319122791290283,0,0.7407407164573669,0,0,0,0.504273533821106,0.609929084777832,0,0.800000011920929,0.7814159393310547,0.0,0.6410256624221802,0,0.7144341468811035,0,0.016129031777381897,0,0.0,0.028985507786273956,0,0,0.6666666865348816,0,1.0,0.5756098031997681,0,0.6913043260574341,0.22448979318141937,0,0,0,0,0.7999999523162842,0.2857142984867096,0,0.4000000059604645,0,0,0.5248619318008423,0.4615384638309479,0.12322275340557098,0,1,0.5,1.0,0.7983193397521973,0.60550457239151,0,0.27272728085517883,0,0,0,0,0.7127603888511658,0,0.0891089141368866,0.3298969268798828,0,1,0,0,0.8390804529190063,0,0.2962963283061981,0,0.010309278033673763,0.699999988079071,0.08168316632509232,0.483146071434021,1,0,0.2994345426559448,0,0.5833333134651184,0.062068965286016464,0,0,0,0.2857142984867096,0.0,0.0,0.09944751113653184,0,0.5714285969734192,0,0,0.08496732264757156,0.39024388790130615,0.740841269493103,0.8269230723381042,0.3333333134651184,0.4545454680919647,0,0.8571428656578064,0.3333333432674408,0,0.4000000059604645,0.34934499859809875,0.8605107665061951,0.4143426120281219,0.4415584206581116,0.54347825050354,0,0.7758182287216187,0.25,0.1666666716337204,0,0.0,0.9352940917015076,1.0,0.8287937641143799,0.6538461446762085,1.0,0.6153846383094788,0,0.2432432472705841,0,0.1428571492433548,0,0.0,0.0731707289814949,0,0,0,1,0.6666666865348816,0.5622413754463196,0.7265120148658752,0,0.019801979884505272,0,0,0,1,0,0,0,0.05488474294543266,0.5517241358757019,0.5714285969734192,0,1.0,0.14117646217346191,0,0,0,0,1.0,0,0,0.42,0.4390850365161896,0,0.7456599473953247,0,1,0.5,0.0555555559694767,0.6000000238418579,0,0.936274528503418,0,0.8830645084381104,0,0.0,0.0,0,0.9533236026763916,0,0,1.0,0,0.7395776510238647,0.8888888955116272,0.5555555820465088,0,0,0.31919431686401367,0.855459988117218,0.7578071355819702,0.8435643911361694,0,0.6470588445663452,1,0.8588709831237793,0.75,0,0.593536376953125,0.0,0.875,0,0.39094650745391846,0.3333333432674408,0.34285715222358704,0.056338030844926834,0.0,0,1.0,0,0,0
figer_classifier_adapter_bert_ms,0,35f43zwm,0.7058824300765991,0.5692007541656494,0,0.21164020895957947,0,0,0,0.14454276859760284,0.39024388790130615,0.5882353186607361,0.714618444442749,0,0.0,0.0,0,0,0,0,0.6666666865348816,0,0,5,0,0,0,0.5625,0.8176795840263367,0.1551724076271057,0.5882353186607361,0.7627840638160706,0.9800000190734864,0,0,0.2763212025165558,0.7504923343658447,0,0.31128406524658203,0.16879794001579285,0.022304832935333252,0,0,0.5,0,0,0.49180328845977783,0.03125,0.0,0.125,0,0,0.25,0,0.692307710647583,0.04316546767950058,0.22727273404598236,0.0,0,0,0,0.5909090638160706,0.7086614370346069,0,0.6666666865348816,0,0,0,0,0.7006927132606506,0.250980406999588,0.6000000238418579,0.8943338394165039,0,0.7142857313156128,0,0,0,0.604651153087616,0.6538461446762085,0,0.800000011920929,0.7415929436683655,0.0,0.6666666865348816,0,0.7417346835136414,0,0.016129031777381897,0,0.0,0.05714285746216774,0,0,0.6666666865348816,0,1.0,0.5977011322975159,0,0.7708333134651184,0.2222222238779068,0,0,0,0,0.4000000059604645,0.2142857164144516,0,0.0,0,0,0.4702381193637848,0.26923078298568726,0.10975610464811324,0,1,0.5,1.0,0.8494623899459839,0.60550457239151,0,0.21875,0,0,0,0,0.6872993111610413,0,0.0810810774564743,0.3500000238418579,0,1,0,0,0.9120370149612428,0,0.29999998211860657,0,0.0,0.6499999761581421,0.09806834906339644,0.6538461446762085,1,0,0.28061723709106445,0,0.5416666865348816,0.04137931019067764,0,0,0,0.3589743673801422,0.0,0.0,0.0859375,0,0.5714285969734192,0,0,0.08490566164255142,0.3414634168148041,0.783369779586792,0.6538461446762085,0.3225806653499603,0.8181818127632141,0,1.0,0.3333333432674408,0,0.4615384638309479,0.3108808398246765,0.8491379618644714,0.30548927187919617,0.47499996423721313,0.725806474685669,0,0.7865015864372253,0.0,0.5,0,0.0,0.8705882430076599,1.0,0.8590909242630005,0.7307692170143127,0.0,0.6666666865348816,0,0.14864864945411682,0,0.0,0,0.0,0.054794520139694214,0,0,0,1,0.800000011920929,0.6813008785247803,0.7583673596382141,0,0.0,0,0,0,1,0,0,0,0.07802547514438629,0.5454545617103577,0.0,0,0.0,0.10891089588403702,0,0,0,0,1.0,0,0,0.54,0.630075216293335,0,0.733178973197937,0,1,0.5,0.06666667014360428,0.8571428656578064,0,0.9107843041419984,0,0.7943548560142517,0,0.0,0.0,0,0.96343994140625,0,0,0.9090909361839294,0,0.6956521272659302,0.6666666865348816,0.6666666865348816,0,0,0.2850490212440491,0.8660255670547485,0.772939920425415,0.807692289352417,0,0.5882353186607361,1,0.7620967626571655,1.0,0,0.6496503353118896,0.0,0.8125,0,0.32510289549827576,0.35185185074806213,0.24137930572032928,0.10810811072587968,0.0,0,0.5,0,0,0
bbn_classifier_adapter_bert_ms,2,3djhbyjt,0.1875000149011612,0.5185185074806213,0,0.1746031790971756,0,0,0,0.13241378962993622,0.3682170510292053,0.36263737082481384,0.5550748109817505,0,0.0,0.0,0,0,0,0,0.0,0,0,5,0,0,0,0.0,0.2884615659713745,0.06896551698446274,0.529411792755127,0.7073863744735718,0.959999978542328,0,0,0.21175238490104675,0.6215082406997681,0,0.23571427166461945,0.16293929517269137,0.06691449880599976,0,0,0.0,0,0,0.12389380484819412,0.0625,0.0,0.0,0,0,0.125,0,0.5846154093742371,0.12162161618471146,0.7424242496490479,0.4000000059604645,0,0,0,0.4886363744735718,0.4779874384403229,0,0.2857142984867096,0,0,0,0,0.6073518395423889,0.3725490272045135,0.30000001192092896,0.7535410523414612,0,0.6206896901130676,0,0,0,0.170634925365448,0.5471697449684143,0,0.0,0.8336282968521118,0.5,0.6666666865348816,0,0.6660423874855042,0,0.032258063554763794,0,0.0,0.0,0,0,0.0,0,0.0,0.25294119119644165,0,0.7894737124443054,0.21311475336551663,0,0,0,0,0.2222222238779068,0.0,0,0.0,0,0,0.4395604431629181,0.3461538553237915,0.03076923079788685,0,1,0.25,0.0,0.6611570119857788,0.4678899049758911,0,0.1267605572938919,0,0,0,0,0.6704995036125183,0,0.1388888955116272,0.2429906576871872,0,0,0,0,0.719298243522644,0,0.0,0,0.0,0.4117646813392639,0.09864603728055954,0.5370370149612427,1,0,0.20512047410011292,0,0.2916666567325592,0.06896551698446274,0,0,0,0.19696970283985135,0.0,0.0,0.039855074137449265,0,0.2857142984867096,0,0,0.019801979884505272,0.31707316637039185,0.48727983236312866,0.557692289352417,0.3333333432674408,0.0,0,1.0,0.1428571492433548,0,0.5,0.2123510390520096,0.7692307829856873,0.3703703582286834,0.3478260934352875,0.4042553305625915,0,0.7753095030784607,0.3529411852359772,1.0,0,0.0,0.1764705926179886,0.0,0.6955017447471619,0.4615384638309479,0.0,0.444444477558136,0,0.14864864945411682,0,0.2142857164144516,0,0.0,0.09216589480638504,0,0,0,1,1.0,0.5224626064300537,0.7213388681411743,0,0.0,0,0,0,0,0,0,0,0.07111111283302307,0.4705882668495178,0.0,0,1.0,0.06285714358091354,0,0,0,0,0.0,0,0,0.4,0.38045233488082886,0,0.7174513936042786,0,1,0.1666666716337204,0.0,0.13636364042758942,0,0.8450980186462402,0,0.8266128897666931,0,0.3333333432674408,0.0,0,0.9264437556266784,0,0,0.75,0,0.6143187284469604,0.4444444477558136,0.0,0,0,0.19889137148857117,0.8441654443740845,0.5770568251609802,0.748603343963623,0,0.7647058963775635,0,0.8104838728904724,1.0,0,0.6291970610618591,0.0,0.699999988079071,0,0.3292181193828583,0.27906978130340576,0.1855670064687729,0.0,0.0,0,0.0,0,0,0
bbn_classifier_adapter_bert_ms,1,37912lax,0.20000000298023224,0.5331383943557739,0,0.16931216418743134,0,0,0,0.12389380484819412,0.30985915660858154,0.4324324429035187,0.569875180721283,0,0.0,0.0,0,0,0,0,0.0,0,0,6,0,0,0,0.0,0.5120000243186951,0.08620689809322357,0.6470588445663452,0.71875,0.9800000190734864,0,0,0.2171342819929123,0.6303080916404724,0,0.24334600567817688,0.16013629734516144,0.05204461142420769,0,0,0.0,0,0,0.10814094543457033,0.12121212482452393,0.046511631458997726,0.0,0,0,0.125,0,0.4769230782985687,0.09621993452310562,0.6742424368858337,0.5,0,0,0,0.5113636255264282,0.4460431933403015,0,0.2857142984867096,0,0,0,0,0.6121997833251953,0.4313725531101227,0.30000001192092896,0.7332439422607422,0,0.6875,0,0,0,0.1875,0.5102040767669678,0,0.0,0.7920354008674622,0.5,0.6363636255264282,0,0.6646156311035156,0,0.06451612710952759,0,0.10000000149011612,0.0,0,0,0.0,0,0.0,0.27439025044441223,0,0.800000011920929,0.2075471729040146,0,0,0,0,0.2222222238779068,0.0,0,0.4000000059604645,0,0,0.375,0.4615384638309479,0.04273504391312599,0,0,0.13333334028720856,0.0,0.7792207598686218,0.43119266629219055,0,0.13636364042758942,0,0,0,0,0.6613156199455261,0,0.12781955301761627,0.2195121794939041,0,0,0,0,0.7413793206214905,0,0.0,0,0.0,0.6341463327407837,0.09832636266946793,0.54347825050354,1,0,0.2111569344997406,0,0.5416666865348816,0.11724138259887695,0,0,0,0.2195121943950653,0.3333333432674408,0.1538461595773697,0.05223880708217621,0,0.5714285969734192,0,0,0.028409091755747795,0.2195121943950653,0.565679132938385,0.48076921701431274,0.3142857253551483,0.0,0,1.0,0.0714285746216774,0,0.4000000059604645,0.18638743460178375,0.7992565035820007,0.3606557846069336,0.3132530152797699,0.4189189076423645,0,0.7488553524017334,0.4761904776096344,1.0,0,0.0,0.3764705955982208,0.0,0.7104377150535583,0.5,1.0,0.7272727489471436,0,0.18918919563293457,0,0.3571428656578064,0,0.07692307978868484,0.12230215966701508,0,0,0,0,1.0,0.5634245872497559,0.7391490340232849,0,0.0,0,0,0,0,0,0,0,0.06612685322761536,0.5,0.5714285969734192,0,0.7142857313156128,0.08187135308980942,0,0,0,0,0.0,0,0,0.45,0.43722519278526306,0,0.7028728723526001,0,0,0.1666666716337204,0.0,0.15000000596046448,0,0.843137264251709,0,0.8669354915618896,0,0.5,0.03333333507180214,0,0.9203835129737854,0,0,0.7333333492279053,0,0.6173814535140991,0.6666666865348816,0.0,0,0,0.20549988746643064,0.8258064985275269,0.633093535900116,0.774311900138855,0,0.6470588445663452,0,0.850806474685669,1.0,0,0.6579954028129578,0.0,0.7647058963775635,0,0.2469135820865631,0.22807016968727112,0.21052631735801697,0.0,0.0,0,0.0,0,0,0
bbn_classifier_adapter_bert_ms,0,18wn7n2f,0.19354841113090515,0.4639376103878021,0,0.17989417910575867,0,0,0,0.11793021112680437,0.30000001192092896,0.5762711763381958,0.5777896046638489,0,0.0,0.1428571492433548,0,0,0,0,0.0,0,0,8,0,0,0,1.0,0.6025640964508057,0.08620689809322357,0.7058823704719543,0.6519886255264282,0.9800000190734864,0,0,0.26238006353378296,0.6308407783508301,0,0.27419355511665344,0.16402877867221832,0.16356877982616425,0,0,0.0,0,0,0.1348973661661148,0.2028985470533371,0.07692307978868484,0.045454543083906174,0,0,0.375,0,0.7230769395828247,0.24929179251194,0.6969696879386902,0.13333334028720856,0,0,0,0.40909090638160706,0.6438356637954712,0,0.4285714328289032,0,0,0,0,0.6105300188064575,0.4000000059604645,0.30000001192092896,0.8263888955116272,0,0.6666666865348816,0,0,0,0.19565217196941376,0.5048543810844421,0,1.0,0.7752212285995483,0.5,0.523809552192688,0,0.6586564779281616,0,0.11290322244167328,0,0.10000000149011612,0.0,0,0,1.0,0,0.4000000059604645,0.2647058963775635,0,0.6619718074798584,0.3703703582286834,0,0,0,0,0.5454545617103577,0.0,0,0.6000000238418579,0,0,0.3841463625431061,0.5769230723381042,0.05714286118745804,0,1,0.0,1.0,0.7411764860153198,0.5229358077049255,0,0.1171875,0,1,0,0,0.6472037434577942,0,0.14173229038715365,0.2857142984867096,0,0,0,0,0.75,0,0.0,0,0.0,0.5,0.09726962447166444,0.5098039507865906,0,0,0.26277080178260803,0,0.375,0.12413793057203291,0,0,0,0.3055555522441864,0.1666666716337204,0.125,0.07003890722990036,0,0.7142857313156128,0,0,0.04273504391312599,0.26829269528388977,0.6686089038848877,0.5,0.4545454680919647,0.09090909361839294,0,1.0,0.0,0,0.22857142984867096,0.226044237613678,0.8007518649101257,0.34285712242126465,0.3298968970775604,0.5802469253540039,0,0.7342716455459595,0.5263157486915588,1.0,0,0.11764705926179886,0.5529412031173706,0.25,0.6912280917167664,0.6153846383094788,0.5,0.8333333730697632,0,0.2432432472705841,0,0.3571428656578064,0,0.09090909361839294,0.13235294818878174,0,0,0,1,1.0,0.5251798629760742,0.7419354915618896,0,0.0,0,0,0,1,0,0,0,0.06274008005857468,0.3636363446712494,0.5454545617103577,0,1.0,0.10876132547855376,0,0,0,0,0.0,0,0,0.46,0.3970988094806671,0,0.6890382766723633,0,1,0.5,0.02325581386685371,0.1428571492433548,0,0.8343137502670288,0,0.8588709831237793,0,0.07692307978868484,0.06666667014360428,0,0.9331896305084229,0,0,0.6315789222717285,0,0.5942571759223938,0.8888888955116272,0.1666666716337204,0,0,0.2631627023220062,0.8218657970428467,0.6601941585540771,0.7392119765281677,0,0.5882353186607361,1,0.7943548560142517,0.375,0,0.6679748892784119,0.25,0.75,0,0.25925925374031067,0.22535210847854617,0.19480518996715543,0.0,0.0625,1,0.0,0,0,0
