metric,projector,precision/mean,recall/mean,f1/mean,precision/std,recall/std,f1/std
test_LOCATION-REGION/macro_types,figer_L2AWE_adapter_bert_ms,0.3903109033902486,0.6416039864222208,0.4853497842947642,0.009261705696906463,0.008681960228895046,0.009563568278200917
test_FACILITY/macro_types,figer_L2AWE_adapter_bert_ms,0.0,0.0,0.0,0.0,0.0,0.0
test_ORGANIZATION-HOTEL/macro_types,figer_L2AWE_adapter_bert_ms,0.5,0.3000000019868215,0.3571428656578064,0.5,0.264575132232881,0.31134993332920474
test_SUBSTANCE-FOOD/macro_types,figer_L2AWE_adapter_bert_ms,0.7223210533459982,0.8823529283205668,0.7896923820177714,0.1017344975438678,0.041176485163824966,0.04957479523091505
test_PRODUCT-VEHICLE/macro_types,figer_L2AWE_adapter_bert_ms,0.7416462500890096,0.3805031478404999,0.5015758872032166,0.08783783081238836,0.005446696432299805,0.016727452988001594
test_LAW/macro_types,figer_L2AWE_adapter_bert_ms,0.9272627433141073,0.6940639217694601,0.7928027908007304,0.0285659849267519,0.061770549055859145,0.04338156563205969
test_GPE-COUNTRY/macro_types,figer_L2AWE_adapter_bert_ms,0.9275923569997152,0.9067431886990865,0.9170458515485128,0.0037038795008373544,0.005738884210612259,0.004353269989443545
test_GAME/macro_types,figer_L2AWE_adapter_bert_ms,0.5,0.032786883413791656,0.0615384541451931,0.5,0.032786883413791656,0.0615384541451931
test_CONTACT_INFO/macro_types,figer_L2AWE_adapter_bert_ms,0.0,0.0,0.0,0.0,0.0,0.0
test_LOCATION-CONTINENT/macro_types,figer_L2AWE_adapter_bert_ms,0.9224637746810913,0.953125,0.9364015261332194,0.05331383958028655,0.03125,0.017488574041959137
test_LOCATION/macro_types,figer_L2AWE_adapter_bert_ms,0.11290540297826131,0.8073770403862,0.19808862109978995,0.005056546085549461,0.007098560421325471,0.00798155234585775
test_ORGANIZATION-POLITICAL/macro_types,figer_L2AWE_adapter_bert_ms,0.7765110731124878,0.8356164296468099,0.799723227818807,0.10270760850330819,0.05479452013969693,0.03420545923143595
test_SUBSTANCE-CHEMICAL/macro_types,figer_L2AWE_adapter_bert_ms,0.3593936363855998,0.59375,0.4444285233815511,0.013943462072014013,0.13535254919840242,0.03905374103704766
test_ORGANIZATION-CORPORATION/macro_types,figer_L2AWE_adapter_bert_ms,0.7636411190032959,0.89773162206014,0.8249715367952982,0.02152048745523565,0.01794173845540259,0.006367815172618755
test_GPE/macro_types,figer_L2AWE_adapter_bert_ms,0.8005241354306539,0.9566577474276224,0.8706768949826559,0.0572144924361541,0.010061051493963998,0.0305773977464359
test_WORK_OF_ART/macro_types,figer_L2AWE_adapter_bert_ms,0.36107945442199707,0.8359240094820658,0.503753274679184,0.02351132110869131,0.034499104405095175,0.020798147326815702
test_FACILITY-AIRPORT/macro_types,figer_L2AWE_adapter_bert_ms,0.0,0.0,0.0,0.0,0.0,0.0
test_ANIMAL/macro_types,figer_L2AWE_adapter_bert_ms,0.849033792813619,0.6304347912470499,0.7232146064440409,0.017721259994695395,0.03260871767998194,0.022540015427545246
test_FACILITY-HIGHWAY_STREET/macro_types,figer_L2AWE_adapter_bert_ms,0.0,0.0,0.0,0.0,0.0,0.0
test_EVENT/macro_types,figer_L2AWE_adapter_bert_ms,0.3860416313012441,0.9541666507720947,0.5487568378448486,0.03980969715148637,0.007216871482318709,0.03991829604718048
test_LOCATION-RIVER/macro_types,figer_L2AWE_adapter_bert_ms,0.35408496856689453,0.5333333512147268,0.4196581244468689,0.1009807896439649,0.06666667759418542,0.07253887565145266
test_PRODUCT/macro_types,figer_L2AWE_adapter_bert_ms,0.28716370463371277,0.34024179975191754,0.31098513801892597,0.00880526044212846,0.034499110373023376,0.016751282454236856
test_ORGANIZATION-RELIGIOUS/macro_types,figer_L2AWE_adapter_bert_ms,0.32777778307596844,0.3888888955116272,0.3497835497061412,0.07515416577818991,0.09622503912947801,0.05838863760794556
test_ORGANIZATION-EDUCATIONAL/macro_types,figer_L2AWE_adapter_bert_ms,0.24834481875101724,0.8060605923334757,0.3773805598417918,0.04475548062353918,0.03784847002778663,0.04624427851744059
test_SUBSTANCE/macro_types,figer_L2AWE_adapter_bert_ms,0.8548140724500021,0.9453889727592468,0.8977818091710409,0.012311269956617486,0.0038896673120013526,0.00625017134888967
test_WORK_OF_ART-PLAY/macro_types,figer_L2AWE_adapter_bert_ms,0.0,0.0,0.0,0.0,0.0,0.0
test/micro,figer_L2AWE_adapter_bert_ms,0.6700751980145773,0.9025364716847738,0.7687586744626363,0.026807946762732748,0.01256178281758228,0.013372415181803954
test_DISEASE/macro_types,figer_L2AWE_adapter_bert_ms,0.8032183845837911,0.9333333373069763,0.862408439318339,0.10617179286662076,0.05879447007478941,0.0853371267105044
test_ORGANIZATION/macro_types,figer_L2AWE_adapter_bert_ms,0.8469888965288798,0.9523039062817892,0.8965001900990804,0.009506739466339623,0.009403191999529048,0.0020528831847474198
test_GPE-CITY/macro_types,figer_L2AWE_adapter_bert_ms,0.6399959325790405,0.9477124214172363,0.7602476874987284,0.09962612165910761,0.017163589107776572,0.06892500341681905
test_LANGUAGE/macro_types,figer_L2AWE_adapter_bert_ms,0.8860398928324381,0.5897436042626699,0.6840196847915649,0.11541098514677563,0.19358550259133706,0.11321395634484574
test_FACILITY-BUILDING/macro_types,figer_L2AWE_adapter_bert_ms,0.0,0.0,0.0,0.0,0.0,0.0
test_WORK_OF_ART-SONG/macro_types,figer_L2AWE_adapter_bert_ms,0.33813726902008057,0.35185185198982555,0.3366044983267784,0.203090396753275,0.2566001194008562,0.22992291360553446
test_FACILITY-BRIDGE/macro_types,figer_L2AWE_adapter_bert_ms,0.0,0.0,0.0,0.0,0.0,0.0
test_LOCATION-LAKE_SEA_OCEAN/macro_types,figer_L2AWE_adapter_bert_ms,0.0,0.0,0.0,0.0,0.0,0.0
test/macro_example,figer_L2AWE_adapter_bert_ms,0.7426765561103821,0.9015034635861715,0.8141971230506897,0.01860846305677927,0.0145262873249431,0.00618927090831995
test_ORGANIZATION-HOSPITAL/macro_types,figer_L2AWE_adapter_bert_ms,0.5119047661622366,0.8333333333333334,0.5037037233511606,0.42307989286948533,0.28867513459481287,0.1428689024634582
test_GPE-STATE_PROVINCE/macro_types,figer_L2AWE_adapter_bert_ms,0.9729363322257996,0.7712820569674174,0.8603443304697672,0.006124321667855233,0.016946363772001094,0.008573006961156858
test_CONTACT_INFO-url/macro_types,figer_L2AWE_adapter_bert_ms,0.0,0.0,0.0,0.0,0.0,0.0
test/macro_types,figer_L2AWE_adapter_bert_ms,0.43120964368184406,0.5560464262962341,0.48558422923088074,0.020998908532902375,0.0033251249696191983,0.014293576417631808
test_SUBSTANCE-DRUG/macro_types,figer_L2AWE_adapter_bert_ms,0.20951337615648905,0.994252880414327,0.3458182215690613,0.017440441507247797,0.009954303119559872,0.023405519228212632
test_WORK_OF_ART-BOOK/macro_types,figer_L2AWE_adapter_bert_ms,0.10012086480855942,0.8627450863520304,0.17935759325822195,0.01612892964435969,0.07401799603735786,0.027488817786443836
test_ORGANIZATION-GOVERNMENT/macro_types,figer_L2AWE_adapter_bert_ms,0.8186654845873514,0.7341015736262003,0.7740142742792765,0.018296083072328616,0.022988014774028346,0.019407096979812657
test_FACILITY-ATTRACTION/macro_types,figer_L2AWE_adapter_bert_ms,0.0,0.0,0.0,0.0,0.0,0.0
test_PLANT/macro_types,figer_L2AWE_adapter_bert_ms,0.11352519939343135,0.7916666666666666,0.1984225461880366,0.03042618307101539,0.15023128385775322,0.05127009596476699
test_PERSON/macro_types,figer_L2AWE_adapter_bert_ms,0.6161576310793558,0.9578824838002523,0.748883068561554,0.038419927304661344,0.03292342405577649,0.021295232844391283
test_ORGANIZATION-MUSEUM/macro_types,figer_L2AWE_adapter_bert_ms,0.0,0.0,0.0,0.0,0.0,0.0
test_PRODUCT-WEAPON/macro_types,figer_L2AWE_adapter_bert_ms,0.10317460695902507,0.22222222884496054,0.14074074725310007,0.09014140546927536,0.19245009546533487,0.12239046283920783
test_EVENT-HURRICANE/macro_types,figer_L2AWE_adapter_bert_ms,0.9583333333333334,0.875,0.9138888915379842,0.07216878364870322,0.0,0.03367876799691212
test_EVENT-WAR/macro_types,figer_L2AWE_adapter_bert_ms,0.23522927363713583,1.0,0.37830161054929096,0.06101287562391378,0.0,0.07791869471739281
test_LOCATION-REGION/macro_types,figer_classifier_adapter_bert_ms,0.4043842355410258,0.6441102623939514,0.4966973265012105,0.01848305593179625,0.026405165328489157,0.01902625856279816
test_FACILITY/macro_types,figer_classifier_adapter_bert_ms,0.0,0.0,0.0,0.0,0.0,0.0
test_ORGANIZATION-HOTEL/macro_types,figer_classifier_adapter_bert_ms,1.0,0.2000000054637591,0.32556333144505817,0.0,0.10000000521540645,0.14002193370354454
test_SUBSTANCE-FOOD/macro_types,figer_classifier_adapter_bert_ms,0.746656060218811,0.886274496714274,0.807906985282898,0.07735072367465773,0.044927197010976506,0.03780181191281407
test_PRODUCT-VEHICLE/macro_types,figer_classifier_adapter_bert_ms,0.7646587491035461,0.37735849618911743,0.5052148699760437,0.013478610024110528,0.00943395495414736,0.00650206666950509
test_LAW/macro_types,figer_classifier_adapter_bert_ms,0.9553376833597819,0.6803653041521708,0.7945982615152994,0.02175924838021788,0.02092501439836078,0.017747977615355376
test_GPE-COUNTRY/macro_types,figer_classifier_adapter_bert_ms,0.9363054831822714,0.9067431886990865,0.9212727546691895,0.0021211198555825266,0.007591824579996856,0.0035016055965033303
test_GAME/macro_types,figer_classifier_adapter_bert_ms,0.4047619104385376,0.07103825112183888,0.11921568711598714,0.3523487790443606,0.07392212874774565,0.12000769394896615
test_CONTACT_INFO/macro_types,figer_classifier_adapter_bert_ms,0.0,0.0,0.0,0.0,0.0,0.0
test_LOCATION-CONTINENT/macro_types,figer_classifier_adapter_bert_ms,0.8739587664604187,0.9635416666666666,0.9160734415054321,0.03529199229294323,0.018042195912175797,0.013333418841636408
test_LOCATION/macro_types,figer_classifier_adapter_bert_ms,0.12481959909200668,0.8251366019248962,0.21681281427542368,0.00806112583533987,0.02103116127904062,0.012879392681598028
test_ORGANIZATION-POLITICAL/macro_types,figer_classifier_adapter_bert_ms,0.8125677108764648,0.7168949842453003,0.7578147848447164,0.03594942653895087,0.10097416206675917,0.05104950343090557
test_SUBSTANCE-CHEMICAL/macro_types,figer_classifier_adapter_bert_ms,0.3861621121565501,0.6104166905085245,0.47256433963775635,0.007766751491722856,0.04773516348912333,0.014873777175669844
test_ORGANIZATION-CORPORATION/macro_types,figer_classifier_adapter_bert_ms,0.7983436783154806,0.8725874622662863,0.833027720451355,0.027833946099332214,0.03539072102425951,0.0015657349986934336
test_GPE/macro_types,figer_classifier_adapter_bert_ms,0.8832631309827169,0.9466785788536072,0.9137973586718241,0.016597275881363217,0.005514876675804768,0.008055881221840566
test_WORK_OF_ART/macro_types,figer_classifier_adapter_bert_ms,0.4126530985037486,0.7806563178698221,0.5384160081545512,0.02015657086188527,0.06662280962166271,0.001323099067890621
test_FACILITY-AIRPORT/macro_types,figer_classifier_adapter_bert_ms,0.0,0.0,0.0,0.0,0.0,0.0
test_ANIMAL/macro_types,figer_classifier_adapter_bert_ms,0.8803201913833618,0.6159420410792033,0.7208627859751383,0.0465824216662873,0.09115758961360149,0.060251098099520374
test_FACILITY-HIGHWAY_STREET/macro_types,figer_classifier_adapter_bert_ms,0.0,0.0,0.0,0.0,0.0,0.0
test_EVENT/macro_types,figer_classifier_adapter_bert_ms,0.44511046012242633,0.962499996026357,0.6065726280212402,0.0691730321768782,0.012500017881405303,0.06293777672225342
test_LOCATION-RIVER/macro_types,figer_classifier_adapter_bert_ms,0.5333333512147268,0.4000000059604645,0.44787879784901935,0.17638342712069688,0.0,0.07363823213108356
test_PRODUCT/macro_types,figer_classifier_adapter_bert_ms,0.30086495478947956,0.369602769613266,0.3314853012561798,0.010103399246546818,0.029914528495238592,0.016489718769299652
test_ORGANIZATION-RELIGIOUS/macro_types,figer_classifier_adapter_bert_ms,0.335353543361028,0.3888888955116272,0.3499703009923299,0.06366040798836431,0.09622503912947801,0.015368410456576193
test_ORGANIZATION-EDUCATIONAL/macro_types,figer_classifier_adapter_bert_ms,0.35642478863398236,0.8181818127632141,0.4937450389067332,0.05858975193816897,0.0314918028319365,0.05100372319610637
test_SUBSTANCE/macro_types,figer_classifier_adapter_bert_ms,0.8707975745201111,0.9402369856834412,0.9041610360145569,0.010821074066089682,0.0023609292714589607,0.005859422252000407
test_WORK_OF_ART-PLAY/macro_types,figer_classifier_adapter_bert_ms,0.0,0.0,0.0,0.0,0.0,0.0
test/micro,figer_classifier_adapter_bert_ms,0.7124179402987162,0.8869099617004395,0.7897758881251017,0.023476302679464156,0.01808507275625779,0.007380449076971559
test_DISEASE/macro_types,figer_classifier_adapter_bert_ms,0.9042219916979471,0.9629629651705424,0.9318226377169291,0.035892125690146395,0.04625924167531491,0.022966396056318752
test_ORGANIZATION/macro_types,figer_classifier_adapter_bert_ms,0.8877485990524292,0.9275570710500082,0.9067348639170328,0.022640087663150916,0.02871423025691342,0.0025952845179480445
test_GPE-CITY/macro_types,figer_classifier_adapter_bert_ms,0.7404573361078898,0.9445865352948508,0.8295170267422994,0.042950535168799875,0.011082690495712387,0.02334838365961661
test_LANGUAGE/macro_types,figer_classifier_adapter_bert_ms,0.7566137711207072,0.4871794978777568,0.5909090936183929,0.22522534799131877,0.17764624329156906,0.19813176239148336
test_FACILITY-BUILDING/macro_types,figer_classifier_adapter_bert_ms,0.0,0.0,0.0,0.0,0.0,0.0
test_WORK_OF_ART-SONG/macro_types,figer_classifier_adapter_bert_ms,0.5106837749481201,0.31481481716036797,0.3801238040129344,0.22721022205976943,0.22452510635769685,0.2506149604157401
test_FACILITY-BRIDGE/macro_types,figer_classifier_adapter_bert_ms,0.0,0.0,0.0,0.0,0.0,0.0
test_LOCATION-LAKE_SEA_OCEAN/macro_types,figer_classifier_adapter_bert_ms,0.0,0.0,0.0,0.0,0.0,0.0
test/macro_example,figer_classifier_adapter_bert_ms,0.7693366805712382,0.8880340456962585,0.8242709239323934,0.012214206088171245,0.016732777050028874,0.0011913827126752105
test_ORGANIZATION-HOSPITAL/macro_types,figer_classifier_adapter_bert_ms,0.3611111144224803,0.6666666666666666,0.4444444477558136,0.127293768220429,0.2886751345948129,0.09622503912947801
test_GPE-STATE_PROVINCE/macro_types,figer_classifier_adapter_bert_ms,0.9663722713788351,0.7651281952857971,0.8534798423449198,0.030555971857629732,0.025620494491770646,0.006344490868162229
test_CONTACT_INFO-url/macro_types,figer_classifier_adapter_bert_ms,0.0,0.0,0.0,0.0,0.0,0.0
test/macro_types,figer_classifier_adapter_bert_ms,0.45902682344118756,0.5345211227734884,0.49369941155115765,0.021268652372086416,0.0041188829476722566,0.011727976281990578
test_SUBSTANCE-DRUG/macro_types,figer_classifier_adapter_bert_ms,0.2338933398326238,0.994252880414327,0.37859804431597394,0.013020896600750842,0.009954303119559872,0.017364673524992855
test_WORK_OF_ART-BOOK/macro_types,figer_classifier_adapter_bert_ms,0.1247365673383077,0.6960784395535787,0.2114908148845037,0.013710736310865666,0.07401799603735792,0.022697071584391323
test_ORGANIZATION-GOVERNMENT/macro_types,figer_classifier_adapter_bert_ms,0.8552586436271667,0.6914212505022684,0.7644694248835245,0.015276193351207949,0.016043494755995726,0.006022130433387464
test_FACILITY-ATTRACTION/macro_types,figer_classifier_adapter_bert_ms,0.0,0.0,0.0,0.0,0.0,0.0
test_PLANT/macro_types,figer_classifier_adapter_bert_ms,0.12771575401226679,0.8611111044883728,0.2221477727095286,0.019357140437549915,0.20553678123085048,0.03569973298583266
test_PERSON/macro_types,figer_classifier_adapter_bert_ms,0.6342148383458456,0.9585805733998617,0.762521227200826,0.04628758916815533,0.009687573573993991,0.030946873559529436
test_ORGANIZATION-MUSEUM/macro_types,figer_classifier_adapter_bert_ms,0.0,0.0,0.0,0.0,0.0,0.0
test_PRODUCT-WEAPON/macro_types,figer_classifier_adapter_bert_ms,0.0,0.0,0.0,0.0,0.0,0.0
test_EVENT-HURRICANE/macro_types,figer_classifier_adapter_bert_ms,0.9166666666666666,0.875,0.8944444457689921,0.07216878364870322,0.0,0.03367876799691208
test_EVENT-WAR/macro_types,figer_classifier_adapter_bert_ms,0.3284897804260254,1.0,0.494047611951828,0.0290748733415196,0.0,0.03314143516914245
test_LOCATION-REGION/macro_types,figer_kenn_adapter_bert_ms,0.3879564901192983,0.6516290505727133,0.48621949553489685,0.005729301058528071,0.03472784091558016,0.013394783091890511
test_FACILITY/macro_types,figer_kenn_adapter_bert_ms,0.0,0.0,0.0,0.0,0.0,0.0
test_ORGANIZATION-HOTEL/macro_types,figer_kenn_adapter_bert_ms,0.75,0.3333333432674408,0.44485147794087726,0.25,0.0577350234776868,0.01648728359239651
test_SUBSTANCE-FOOD/macro_types,figer_kenn_adapter_bert_ms,0.708453893661499,0.8470588127772013,0.7714877923329672,0.014242775243910209,0.005882352590586092,0.006025938926128628
test_PRODUCT-VEHICLE/macro_types,figer_kenn_adapter_bert_ms,0.7008547186851501,0.3867924511432648,0.497498482465744,0.0802929979150728,0.0,0.01996206694983743
test_LAW/macro_types,figer_kenn_adapter_bert_ms,0.8991656502087911,0.7305936018625895,0.8045881986618042,0.008911701412307483,0.0754461780824586,0.046132538631440706
test_GPE-COUNTRY/macro_types,figer_kenn_adapter_bert_ms,0.9258684913317362,0.9488283197085062,0.9371235370635986,0.004559879996791547,0.01793877645159481,0.006880870288904835
test_GAME/macro_types,figer_kenn_adapter_bert_ms,0.2020202080408732,0.03825136522452036,0.06430745621522267,0.17755955914266633,0.03412567081199901,0.05721824097305322
test_CONTACT_INFO/macro_types,figer_kenn_adapter_bert_ms,0.0,0.0,0.0,0.0,0.0,0.0
test_LOCATION-CONTINENT/macro_types,figer_kenn_adapter_bert_ms,0.8816953500111898,0.9739583333333334,0.924277643362681,0.06416209709498799,0.018042195912175797,0.026855699314736435
test_LOCATION/macro_types,figer_kenn_adapter_bert_ms,0.12342445303996404,0.8319672147432963,0.21492292483647665,0.005041583107695038,0.014776856671279594,0.007540226077758526
test_ORGANIZATION-POLITICAL/macro_types,figer_kenn_adapter_bert_ms,0.75192791223526,0.6940639217694601,0.7206897735595703,0.019061286002959237,0.07789371685295658,0.047129122786373906
test_SUBSTANCE-CHEMICAL/macro_types,figer_kenn_adapter_bert_ms,0.37232094009717304,0.4812499980131785,0.4177830417950948,0.03845626268044589,0.03479852619715882,0.014984223013505825
test_ORGANIZATION-CORPORATION/macro_types,figer_kenn_adapter_bert_ms,0.7919408082962036,0.857516348361969,0.8229849139849345,0.016564502237035567,0.030928681846311028,0.0057623506449006375
test_GPE/macro_types,figer_kenn_adapter_bert_ms,0.9010980129241943,0.9621685942014059,0.9304612676302592,0.02794069920775233,0.0032324451870245725,0.014168405195500881
test_WORK_OF_ART/macro_types,figer_kenn_adapter_bert_ms,0.4310113886992137,0.7512953480084738,0.5468000372250875,0.011214590934140648,0.06282049902456352,0.00911080957671247
test_FACILITY-AIRPORT/macro_types,figer_kenn_adapter_bert_ms,0.0,0.0,0.0,0.0,0.0,0.0
test_ANIMAL/macro_types,figer_kenn_adapter_bert_ms,0.9135520458221436,0.6485507289568583,0.7583038806915283,0.0144910792366291,0.02510221404487051,0.01635488706151397
test_FACILITY-HIGHWAY_STREET/macro_types,figer_kenn_adapter_bert_ms,0.0,0.0,0.0,0.0,0.0,0.0
test_EVENT/macro_types,figer_kenn_adapter_bert_ms,0.4643777509530385,0.9333333373069763,0.6196694175402323,0.031582915010288655,0.007216871482318781,0.026701804027489805
test_LOCATION-RIVER/macro_types,figer_kenn_adapter_bert_ms,0.44015152255694073,0.4000000059604645,0.4162117640177409,0.09204780071090977,0.0,0.03978072031654865
test_PRODUCT/macro_types,figer_kenn_adapter_bert_ms,0.3140567938486735,0.3816925684611003,0.344162384668986,0.017995555486024117,0.04406684647583019,0.027210570288206365
test_ORGANIZATION-RELIGIOUS/macro_types,figer_kenn_adapter_bert_ms,0.38741259773572284,0.7222222288449606,0.5030959844589233,0.07423135437641525,0.09622502192309915,0.08363433082512207
test_ORGANIZATION-EDUCATIONAL/macro_types,figer_kenn_adapter_bert_ms,0.3396320194005966,0.7818182110786438,0.46935821572939557,0.08354071327510382,0.0,0.08440427514586094
test_SUBSTANCE/macro_types,figer_kenn_adapter_bert_ms,0.8686007062594095,0.9536321361859638,0.9090229670206705,0.022248819182322768,0.0026770372474670193,0.01186078487784835
test_WORK_OF_ART-PLAY/macro_types,figer_kenn_adapter_bert_ms,0.0,0.0,0.0,0.0,0.0,0.0
test/micro,figer_kenn_adapter_bert_ms,0.7137612104415894,0.8915202617645264,0.7926243344942728,0.015753680379044163,0.013843194754815063,0.005302814178026845
test_DISEASE/macro_types,figer_kenn_adapter_bert_ms,0.7961767713228861,1.0,0.8859543800354004,0.04986733224402428,0.0,0.030770706483682214
test_ORGANIZATION/macro_types,figer_kenn_adapter_bert_ms,0.8940668900807699,0.9318712949752808,0.9124178290367126,0.015060305047915256,0.014753404751395954,0.002178474034709845
test_GPE-CITY/macro_types,figer_kenn_adapter_bert_ms,0.7733782728513082,0.9551008939743042,0.8542718489964803,0.0441253502721921,0.0032275743337642163,0.02835696087091504
test_LANGUAGE/macro_types,figer_kenn_adapter_bert_ms,0.7566951711972555,0.6153846383094788,0.6747745275497437,0.05685741448951912,0.07692307233810425,0.03330677096005407
test_FACILITY-BUILDING/macro_types,figer_kenn_adapter_bert_ms,0.0,0.0,0.0,0.0,0.0,0.0
test_WORK_OF_ART-SONG/macro_types,figer_kenn_adapter_bert_ms,0.5333333412806193,0.3703703780968984,0.4276703695456187,0.13768926945405266,0.11564810418828725,0.10322621396916784
test_FACILITY-BRIDGE/macro_types,figer_kenn_adapter_bert_ms,0.0,0.0,0.0,0.0,0.0,0.0
test_LOCATION-LAKE_SEA_OCEAN/macro_types,figer_kenn_adapter_bert_ms,0.0,0.0,0.0,0.0,0.0,0.0
test/macro_example,figer_kenn_adapter_bert_ms,0.7745394508043925,0.8942694067955017,0.8300328652064005,0.009365442174381683,0.012636254187974191,0.004678785535297039
test_ORGANIZATION-HOSPITAL/macro_types,figer_kenn_adapter_bert_ms,0.5185185223817825,1.0,0.6212121248245239,0.42065987469696386,0.0,0.33505066837217623
test_GPE-STATE_PROVINCE/macro_types,figer_kenn_adapter_bert_ms,0.9569135506947836,0.7969230810801188,0.8694952726364136,0.005261256019249082,0.02323025920568549,0.014065891045956076
test_CONTACT_INFO-url/macro_types,figer_kenn_adapter_bert_ms,0.0,0.0,0.0,0.0,0.0,0.0
test/macro_types,figer_kenn_adapter_bert_ms,0.45171456535657245,0.5594128966331482,0.49968503912289935,0.009178015908033412,0.016220139393928596,0.006484554751664759
test_SUBSTANCE-DRUG/macro_types,figer_kenn_adapter_bert_ms,0.23259029785792032,0.9885057608286539,0.3758583664894104,0.03096994032545326,0.009954303119559848,0.039843164377247706
test_WORK_OF_ART-BOOK/macro_types,figer_kenn_adapter_bert_ms,0.08983362714449565,0.5098039309183756,0.15226810922225317,0.02380225160055245,0.21679748646375205,0.04462363463129484
test_ORGANIZATION-GOVERNMENT/macro_types,figer_kenn_adapter_bert_ms,0.8610620896021525,0.7127614219983419,0.7796885768572489,0.015318792418467297,0.025873588299121997,0.01601768098095912
test_FACILITY-ATTRACTION/macro_types,figer_kenn_adapter_bert_ms,0.0,0.0,0.0,0.0,0.0,0.0
test_PLANT/macro_types,figer_kenn_adapter_bert_ms,0.12938576191663742,0.7361111243565878,0.22001817325750986,0.01705709997151617,0.1202812946102528,0.029782444443900435
test_PERSON/macro_types,figer_kenn_adapter_bert_ms,0.6200136741002401,0.9767306645711263,0.7584590911865234,0.01468493996987715,0.0026197453002210027,0.010989324908450454
test_ORGANIZATION-MUSEUM/macro_types,figer_kenn_adapter_bert_ms,0.0,0.0,0.0,0.0,0.0,0.0
test_PRODUCT-WEAPON/macro_types,figer_kenn_adapter_bert_ms,0.1920634980003039,0.5555555721124014,0.2778615901867549,0.12420571913054701,0.19245009546533487,0.14990275809570994
test_EVENT-HURRICANE/macro_types,figer_kenn_adapter_bert_ms,0.9107142885526022,0.8333333333333334,0.8694444298744202,0.07783747820445996,0.07216878364870322,0.0668400789783661
test_EVENT-WAR/macro_types,figer_kenn_adapter_bert_ms,0.41031747063000995,1.0,0.5766211549441019,0.10584756024880572,0.0,0.10517979242063319
test_LOCATION-REGION/macro_types,ontonotes_shimaoka_L2AWE_adapter_bert_ms,0.36381996671358746,0.5563910007476807,0.4398596982161204,0.008966985508018055,0.03007519245147705,0.015136629905641706
test_FACILITY/macro_types,ontonotes_shimaoka_L2AWE_adapter_bert_ms,0.0,0.0,0.0,0.0,0.0,0.0
test_ORGANIZATION-HOTEL/macro_types,ontonotes_shimaoka_L2AWE_adapter_bert_ms,0.600000003973643,0.16666666915019354,0.23838384946187338,0.529150264465762,0.20816660304853735,0.27112888841988086
test_SUBSTANCE-FOOD/macro_types,ontonotes_shimaoka_L2AWE_adapter_bert_ms,0.678406556447347,0.8882352908452352,0.7607885400454203,0.13643482389483866,0.056727347855680184,0.07662199743328842
test_PRODUCT-VEHICLE/macro_types,ontonotes_shimaoka_L2AWE_adapter_bert_ms,0.6087470451990763,0.2861635188261668,0.38800851504007977,0.09424444194613903,0.005446713638678626,0.023338782983123894
test_LAW/macro_types,ontonotes_shimaoka_L2AWE_adapter_bert_ms,0.8906531731287638,0.5616438488165537,0.6630275547504425,0.06699775059832651,0.22550791336572384,0.17754212420476168
test_GPE-COUNTRY/macro_types,ontonotes_shimaoka_L2AWE_adapter_bert_ms,0.9262096881866455,0.9306552012761434,0.9284188350041708,0.004004540945647366,0.010379032822872307,0.007059851472904105
test_GAME/macro_types,ontonotes_shimaoka_L2AWE_adapter_bert_ms,0.2857142885526021,0.03278688589731852,0.058823530872662864,0.49487166422150175,0.05678855219611918,0.10188534415204849
test_CONTACT_INFO/macro_types,ontonotes_shimaoka_L2AWE_adapter_bert_ms,0.0,0.0,0.0,0.0,0.0,0.0
test_LOCATION-CONTINENT/macro_types,ontonotes_shimaoka_L2AWE_adapter_bert_ms,0.8439396421114603,0.9739583333333334,0.9038006663322449,0.04069961901156964,0.009021097956087886,0.01993119663240919
test_LOCATION/macro_types,ontonotes_shimaoka_L2AWE_adapter_bert_ms,0.13106141487757364,0.8183060089747111,0.22590368489424387,0.0029112361921919986,0.028785936015758625,0.004398770949892465
test_ORGANIZATION-POLITICAL/macro_types,ontonotes_shimaoka_L2AWE_adapter_bert_ms,0.8263278206189474,0.8127853870391846,0.8173148433367411,0.06957352444216974,0.03447411675547377,0.019590028909124448
test_SUBSTANCE-CHEMICAL/macro_types,ontonotes_shimaoka_L2AWE_adapter_bert_ms,0.369616578022639,0.5916666785875956,0.4545934696992238,0.02231948285856466,0.048546578785668495,0.02746326779022927
test_ORGANIZATION-CORPORATION/macro_types,ontonotes_shimaoka_L2AWE_adapter_bert_ms,0.7719343900680542,0.8549019694328308,0.8111498355865479,0.012817551832435322,0.015079165369441183,0.0024763032076831363
test_GPE/macro_types,ontonotes_shimaoka_L2AWE_adapter_bert_ms,0.8569182753562927,0.9487637877464294,0.8998227516810099,0.04970673492393699,0.009301462894593528,0.02336573107816668
test_WORK_OF_ART/macro_types,ontonotes_shimaoka_L2AWE_adapter_bert_ms,0.3355483114719391,0.7478411197662354,0.45993174115816754,0.06786569398693612,0.02853662302558415,0.06266672502721615
test_FACILITY-AIRPORT/macro_types,ontonotes_shimaoka_L2AWE_adapter_bert_ms,0.0,0.0,0.0,0.0,0.0,0.0
test_ANIMAL/macro_types,ontonotes_shimaoka_L2AWE_adapter_bert_ms,0.739065925280253,0.67391304175059,0.7028353810310364,0.05387757775872851,0.11757232923119476,0.0839094973549906
test_FACILITY-HIGHWAY_STREET/macro_types,ontonotes_shimaoka_L2AWE_adapter_bert_ms,0.0,0.0,0.0,0.0,0.0,0.0
test_EVENT/macro_types,ontonotes_shimaoka_L2AWE_adapter_bert_ms,0.3961837689081828,0.9666666785875956,0.5596486926078796,0.0689790540482783,0.014433777377395332,0.07001021490438862
test_LOCATION-RIVER/macro_types,ontonotes_shimaoka_L2AWE_adapter_bert_ms,0.4366471767425537,0.5333333611488342,0.48009506861368817,0.013505269555350186,0.0,0.008233131836514218
test_PRODUCT/macro_types,ontonotes_shimaoka_L2AWE_adapter_bert_ms,0.27265368898709613,0.3436960279941559,0.29895050326983136,0.021266267231074172,0.08828586224785273,0.019359634812148967
test_ORGANIZATION-RELIGIOUS/macro_types,ontonotes_shimaoka_L2AWE_adapter_bert_ms,0.2129629651705424,0.3333333432674408,0.2582010527451833,0.04243125390567633,0.0,0.03258157804403313
test_ORGANIZATION-EDUCATIONAL/macro_types,ontonotes_shimaoka_L2AWE_adapter_bert_ms,0.312674880027771,0.8060605923334757,0.4477725923061371,0.08022783324454887,0.03784847002778666,0.08628089311322795
test_SUBSTANCE/macro_types,ontonotes_shimaoka_L2AWE_adapter_bert_ms,0.8666563232739767,0.9386913975079855,0.9009046951929728,0.035544905502553625,0.005851509389712682,0.01630785026965812
test_WORK_OF_ART-PLAY/macro_types,ontonotes_shimaoka_L2AWE_adapter_bert_ms,0.0,0.0,0.0,0.0,0.0,0.0
test/micro,ontonotes_shimaoka_L2AWE_adapter_bert_ms,0.6871645053227743,0.8696010708808899,0.7673826018969218,0.02457699647341398,0.01294701516119014,0.010968046953599373
test_DISEASE/macro_types,ontonotes_shimaoka_L2AWE_adapter_bert_ms,0.8896365165710449,1.0,0.9412030776341757,0.044669301088833324,0.0,0.02489471600521497
test_ORGANIZATION/macro_types,ontonotes_shimaoka_L2AWE_adapter_bert_ms,0.8567639787991842,0.9198274413744608,0.8870586156845093,0.014063063492448926,0.010903261594054588,0.0026410985983840356
test_GPE-CITY/macro_types,ontonotes_shimaoka_L2AWE_adapter_bert_ms,0.706312358379364,0.9349247018496195,0.8024053374926249,0.08232023724102946,0.015634604046422994,0.04603181699956352
test_LANGUAGE/macro_types,ontonotes_shimaoka_L2AWE_adapter_bert_ms,0.7870370348294576,0.38461539645989734,0.5052068928877512,0.04243124415057793,0.15384616702795034,0.14288550694170246
test_FACILITY-BUILDING/macro_types,ontonotes_shimaoka_L2AWE_adapter_bert_ms,0.0,0.0,0.0,0.0,0.0,0.0
test_WORK_OF_ART-SONG/macro_types,ontonotes_shimaoka_L2AWE_adapter_bert_ms,0.1877990464369456,0.1666666716337204,0.15678287545839945,0.059436639840666335,0.09622505203426215,0.020478738486511782
test_FACILITY-BRIDGE/macro_types,ontonotes_shimaoka_L2AWE_adapter_bert_ms,0.0,0.0,0.0,0.0,0.0,0.0
test_LOCATION-LAKE_SEA_OCEAN/macro_types,ontonotes_shimaoka_L2AWE_adapter_bert_ms,0.0,0.0,0.0,0.0,0.0,0.0
test/macro_example,ontonotes_shimaoka_L2AWE_adapter_bert_ms,0.7440595825513204,0.8648472825686137,0.7997884949048361,0.011704310545217084,0.014674086597690105,0.0034695921271901396
test_ORGANIZATION-HOSPITAL/macro_types,ontonotes_shimaoka_L2AWE_adapter_bert_ms,0.5777777930100759,1.0,0.723809540271759,0.15396007981354365,0.0,0.13196576794899842
test_GPE-STATE_PROVINCE/macro_types,ontonotes_shimaoka_L2AWE_adapter_bert_ms,0.9364446004231771,0.7528205116589864,0.8342306613922119,0.006355827524084874,0.036708771981950404,0.020582448541604195
test_CONTACT_INFO-url/macro_types,ontonotes_shimaoka_L2AWE_adapter_bert_ms,0.0,0.0,0.0,0.0,0.0,0.0
test/macro_types,ontonotes_shimaoka_L2AWE_adapter_bert_ms,0.42088911930720013,0.5339676936467489,0.47056105732917786,0.004368682622505811,0.021220492942359555,0.006630741533652545
test_SUBSTANCE-DRUG/macro_types,ontonotes_shimaoka_L2AWE_adapter_bert_ms,0.19933821260929108,0.9425287445386251,0.328925222158432,0.016864887691955554,0.019908606239119744,0.02404231350415815
test_WORK_OF_ART-BOOK/macro_types,ontonotes_shimaoka_L2AWE_adapter_bert_ms,0.06427773460745811,0.4901960889498393,0.11225353429714839,0.006547222032897517,0.18909119711826822,0.008564482557694762
test_ORGANIZATION-GOVERNMENT/macro_types,ontonotes_shimaoka_L2AWE_adapter_bert_ms,0.8274647196133932,0.6965428988138834,0.755086878935496,0.0348351682663298,0.04213696379681912,0.010706008347616458
test_FACILITY-ATTRACTION/macro_types,ontonotes_shimaoka_L2AWE_adapter_bert_ms,0.0,0.0,0.0,0.0,0.0,0.0
test_PLANT/macro_types,ontonotes_shimaoka_L2AWE_adapter_bert_ms,0.0987874964872996,0.7083333333333334,0.17338736355304718,0.003837780279998644,0.04166665673256277,0.007148134437311448
test_PERSON/macro_types,ontonotes_shimaoka_L2AWE_adapter_bert_ms,0.6221456527709961,0.8891215920448303,0.7308005889256796,0.048025225877219975,0.02328996412902027,0.026971168065143273
test_ORGANIZATION-MUSEUM/macro_types,ontonotes_shimaoka_L2AWE_adapter_bert_ms,0.0,0.0,0.0,0.0,0.0,0.0
test_PRODUCT-WEAPON/macro_types,ontonotes_shimaoka_L2AWE_adapter_bert_ms,0.16143791129191717,0.4444444576899211,0.2240740805864334,0.04142471225979578,0.19245009546533487,0.025051385471742398
test_EVENT-HURRICANE/macro_types,ontonotes_shimaoka_L2AWE_adapter_bert_ms,0.8592592676480612,1.0,0.9237473408381144,0.051320020869054954,0.0,0.0301882475700323
test_EVENT-WAR/macro_types,ontonotes_shimaoka_L2AWE_adapter_bert_ms,0.2815650701522827,1.0,0.436842421690623,0.06438374796353878,0.0,0.0766147139147707
test_LOCATION-REGION/macro_types,ontonotes_shimaoka_classifier_adapter_bert_ms,0.34707944591840106,0.5112781922022501,0.4128258029619853,0.030348532462722174,0.09239250408015878,0.050567719536604744
test_FACILITY/macro_types,ontonotes_shimaoka_classifier_adapter_bert_ms,0.0,0.0,0.0,0.0,0.0,0.0
test_ORGANIZATION-HOTEL/macro_types,ontonotes_shimaoka_classifier_adapter_bert_ms,0.6666666666666666,0.16666666915019354,0.2510822614034017,0.5773502691896258,0.20816660304853735,0.29194313545170303
test_SUBSTANCE-FOOD/macro_types,ontonotes_shimaoka_classifier_adapter_bert_ms,0.6994601289431254,0.9039215644200643,0.7859840393066406,0.08991069149041131,0.014803611839197988,0.0502907291772294
test_PRODUCT-VEHICLE/macro_types,ontonotes_shimaoka_classifier_adapter_bert_ms,0.6079854965209961,0.29559748371442157,0.3928121129671733,0.15811623847259806,0.014410617233532185,0.020852402736639224
test_LAW/macro_types,ontonotes_shimaoka_classifier_adapter_bert_ms,0.9289127786954244,0.6027397314707438,0.727078358332316,0.048215403495617086,0.08332552451666198,0.044643855257098575
test_GPE-COUNTRY/macro_types,ontonotes_shimaoka_classifier_adapter_bert_ms,0.9357261260350546,0.9206121563911438,0.9278841018676758,0.01431874586296768,0.021727054463599103,0.005259252090926719
test_GAME/macro_types,ontonotes_shimaoka_classifier_adapter_bert_ms,0.0,0.0,0.0,0.0,0.0,0.0
test_CONTACT_INFO/macro_types,ontonotes_shimaoka_classifier_adapter_bert_ms,0.0,0.0,0.0,0.0,0.0,0.0
test_LOCATION-CONTINENT/macro_types,ontonotes_shimaoka_classifier_adapter_bert_ms,0.8773977359135946,0.96875,0.9208033680915833,0.007202349298566847,0.0,0.003957535961708077
test_LOCATION/macro_types,ontonotes_shimaoka_classifier_adapter_bert_ms,0.1294760381182035,0.811475416024526,0.2231834977865219,0.008150163369180046,0.022818705966309104,0.011500094568864585
test_ORGANIZATION-POLITICAL/macro_types,ontonotes_shimaoka_classifier_adapter_bert_ms,0.8638065059979757,0.8036529819170634,0.8304929137229919,0.01838816815288036,0.08912885263153598,0.043688380180410595
test_SUBSTANCE-CHEMICAL/macro_types,ontonotes_shimaoka_classifier_adapter_bert_ms,0.3756227691968282,0.6083333293596903,0.4641467034816742,0.004199792829455382,0.046069485533231896,0.016874700497987307
test_ORGANIZATION-CORPORATION/macro_types,ontonotes_shimaoka_classifier_adapter_bert_ms,0.7468866308530172,0.8641291856765747,0.8005417585372925,0.03969920342708687,0.016696890370917265,0.01623453769363642
test_GPE/macro_types,ontonotes_shimaoka_classifier_adapter_bert_ms,0.8712413112322489,0.9509979287783304,0.909019947052002,0.04109763953072545,0.0016916462691785577,0.022281642163822755
test_WORK_OF_ART/macro_types,ontonotes_shimaoka_classifier_adapter_bert_ms,0.3620864649613698,0.749568243821462,0.486661156018575,0.05148446310703969,0.005982898816496164,0.04668397224426138
test_FACILITY-AIRPORT/macro_types,ontonotes_shimaoka_classifier_adapter_bert_ms,0.0,0.0,0.0,0.0,0.0,0.0
test_ANIMAL/macro_types,ontonotes_shimaoka_classifier_adapter_bert_ms,0.7278621395428976,0.6449275215466818,0.6796544790267944,0.060822303691922916,0.1483738773034947,0.09681944691881889
test_FACILITY-HIGHWAY_STREET/macro_types,ontonotes_shimaoka_classifier_adapter_bert_ms,0.0,0.0,0.0,0.0,0.0,0.0
test_EVENT/macro_types,ontonotes_shimaoka_classifier_adapter_bert_ms,0.43049566944440204,0.9666666785875956,0.5924699902534485,0.07868715288012867,0.014433777377395316,0.07019432519817179
test_LOCATION-RIVER/macro_types,ontonotes_shimaoka_classifier_adapter_bert_ms,0.4078144133090973,0.4888889094193776,0.4391534427801768,0.04652639254612124,0.07698004850996126,0.009164289440902664
test_PRODUCT/macro_types,ontonotes_shimaoka_classifier_adapter_bert_ms,0.24204171697298685,0.3385146806637446,0.28062569598356885,0.030346024971141968,0.09614621605927061,0.052211944819910254
test_ORGANIZATION-RELIGIOUS/macro_types,ontonotes_shimaoka_classifier_adapter_bert_ms,0.17634680370489755,0.3333333432674408,0.22792632381121317,0.04884150112615522,0.0,0.04290138581621521
test_ORGANIZATION-EDUCATIONAL/macro_types,ontonotes_shimaoka_classifier_adapter_bert_ms,0.2546085715293884,0.8303030133247375,0.3887207905451457,0.035418393197789826,0.010497267610645499,0.04191054376132456
test_SUBSTANCE/macro_types,ontonotes_shimaoka_classifier_adapter_bert_ms,0.8768148223559061,0.9381761948267618,0.9064203500747681,0.006899653422567721,0.008178498902124942,0.002205515920437805
test_WORK_OF_ART-PLAY/macro_types,ontonotes_shimaoka_classifier_adapter_bert_ms,0.0,0.0,0.0,0.0,0.0,0.0
test/micro,ontonotes_shimaoka_classifier_adapter_bert_ms,0.6829947034517924,0.8752305110295614,0.7668748100598654,0.030976916265046037,0.008347064256685825,0.01647961925911263
test_DISEASE/macro_types,ontonotes_shimaoka_classifier_adapter_bert_ms,0.924999992052714,1.0,0.9609507322311401,0.021650648859714034,0.0,0.011762659124253701
test_ORGANIZATION/macro_types,ontonotes_shimaoka_classifier_adapter_bert_ms,0.8441530664761862,0.923422614733378,0.8816668589909872,0.032541292040975694,0.009402614822713335,0.01385112974204428
test_GPE-CITY/macro_types,ontonotes_shimaoka_classifier_adapter_bert_ms,0.7272501389185587,0.9377663930257162,0.8187373280525208,0.0430006579597839,0.003716037157187518,0.027260141805525724
test_LANGUAGE/macro_types,ontonotes_shimaoka_classifier_adapter_bert_ms,0.7407407363255819,0.3846153914928436,0.5023923615614573,0.16037504800941785,0.0,0.04143662523674833
test_FACILITY-BUILDING/macro_types,ontonotes_shimaoka_classifier_adapter_bert_ms,0.0,0.0,0.0,0.0,0.0,0.0
test_WORK_OF_ART-SONG/macro_types,ontonotes_shimaoka_classifier_adapter_bert_ms,0.2637486010789871,0.25925926864147186,0.25415070354938507,0.07448108587672402,0.0848625159406026,0.06900099068788271
test_FACILITY-BRIDGE/macro_types,ontonotes_shimaoka_classifier_adapter_bert_ms,0.0,0.0,0.0,0.0,0.0,0.0
test_LOCATION-LAKE_SEA_OCEAN/macro_types,ontonotes_shimaoka_classifier_adapter_bert_ms,0.0,0.0,0.0,0.0,0.0,0.0
test/macro_example,ontonotes_shimaoka_classifier_adapter_bert_ms,0.7428112824757894,0.8716629942258199,0.8019203146298727,0.021327863437372845,0.006835973510784844,0.009799674821073742
test_ORGANIZATION-HOSPITAL/macro_types,ontonotes_shimaoka_classifier_adapter_bert_ms,0.4285714328289032,1.0,0.5925926168759664,0.12371790745218601,0.0,0.12830005217263737
test_GPE-STATE_PROVINCE/macro_types,ontonotes_shimaoka_classifier_adapter_bert_ms,0.9337280988693237,0.745641032854716,0.828598419825236,0.011581522405864702,0.03847179152934963,0.019393393516150534
test_CONTACT_INFO-url/macro_types,ontonotes_shimaoka_classifier_adapter_bert_ms,0.0,0.0,0.0,0.0,0.0,0.0
test/macro_types,ontonotes_shimaoka_classifier_adapter_bert_ms,0.4148986140886943,0.5341054002443949,0.4668326675891876,0.0037725377802075816,0.02549581012515966,0.010109459662913526
test_SUBSTANCE-DRUG/macro_types,ontonotes_shimaoka_classifier_adapter_bert_ms,0.196133424838384,0.9367816050847372,0.3237931231657664,0.022208748428398442,0.026336636542919192,0.028754216035164034
test_WORK_OF_ART-BOOK/macro_types,ontonotes_shimaoka_classifier_adapter_bert_ms,0.08390284578005473,0.607843150695165,0.1463004300991694,0.00873467236588813,0.1797088563295996,0.01505616850953178
test_ORGANIZATION-GOVERNMENT/macro_types,ontonotes_shimaoka_classifier_adapter_bert_ms,0.8229696353276571,0.7012377182642618,0.7571303248405457,0.018114452501773484,0.016009379116557115,0.012679086652888685
test_FACILITY-ATTRACTION/macro_types,ontonotes_shimaoka_classifier_adapter_bert_ms,0.0,0.0,0.0,0.0,0.0,0.0
test_PLANT/macro_types,ontonotes_shimaoka_classifier_adapter_bert_ms,0.09317756195863088,0.6666666666666666,0.1634639104207357,0.007089432153450965,0.08333334326744257,0.013363016806257766
test_PERSON/macro_types,ontonotes_shimaoka_classifier_adapter_bert_ms,0.6112802227338155,0.9078534046808878,0.7302929957707723,0.03765746444222925,0.008781667579653681,0.029771088299052156
test_ORGANIZATION-MUSEUM/macro_types,ontonotes_shimaoka_classifier_adapter_bert_ms,0.0,0.0,0.0,0.0,0.0,0.0
test_PRODUCT-WEAPON/macro_types,ontonotes_shimaoka_classifier_adapter_bert_ms,0.12962963183720908,0.3333333432674408,0.18518519401550293,0.11564811253962126,0.3333333432674408,0.1697250318812052
test_EVENT-HURRICANE/macro_types,ontonotes_shimaoka_classifier_adapter_bert_ms,0.8592592676480612,1.0,0.9237473408381144,0.051320020869054954,0.0,0.0301882475700323
test_EVENT-WAR/macro_types,ontonotes_shimaoka_classifier_adapter_bert_ms,0.31235890587170917,1.0,0.4740188519159953,0.05894089771996021,0.0,0.06706406677749578
test_LOCATION-REGION/macro_types,ontonotes_shimaoka_kenn_adapter_bert_ms,0.33169291416804,0.523809532324473,0.4059375723203023,0.02560240267410668,0.015651631160609674,0.022817847392900884
test_FACILITY/macro_types,ontonotes_shimaoka_kenn_adapter_bert_ms,0.0,0.0,0.0,0.0,0.0,0.0
test_ORGANIZATION-HOTEL/macro_types,ontonotes_shimaoka_kenn_adapter_bert_ms,0.8055555522441864,0.30000000447034836,0.3659673829873403,0.3367876627627413,0.19999999925494205,0.1595162070864191
test_SUBSTANCE-FOOD/macro_types,ontonotes_shimaoka_kenn_adapter_bert_ms,0.5960026184717814,0.9078431328137716,0.7185906767845154,0.0538407436606903,0.014803580259885702,0.03801078561735632
test_PRODUCT-VEHICLE/macro_types,ontonotes_shimaoka_kenn_adapter_bert_ms,0.6782312989234924,0.26100629071394604,0.37551652391751605,0.07782800109454872,0.014410612355978111,0.007472022752273534
test_LAW/macro_types,ontonotes_shimaoka_kenn_adapter_bert_ms,0.8988347053527832,0.6073059340318044,0.7186115980148315,0.04369091425038191,0.11072471693788033,0.07147189623628164
test_GPE-COUNTRY/macro_types,ontonotes_shimaoka_kenn_adapter_bert_ms,0.9334041277567545,0.9708273609479269,0.9517035682996114,0.00650696759284631,0.009765938846541389,0.002024950541199717
test_GAME/macro_types,ontonotes_shimaoka_kenn_adapter_bert_ms,0.3333333333333333,0.01639344294865926,0.03125000248352686,0.5773502691896258,0.02839427609805959,0.05412659203812213
test_CONTACT_INFO/macro_types,ontonotes_shimaoka_kenn_adapter_bert_ms,0.0,0.0,0.0,0.0,0.0,0.0
test_LOCATION-CONTINENT/macro_types,ontonotes_shimaoka_kenn_adapter_bert_ms,0.8182301918665568,0.9739583333333334,0.8868890603383383,0.09636729908468272,0.009021097956087886,0.05529137348633687
test_LOCATION/macro_types,ontonotes_shimaoka_kenn_adapter_bert_ms,0.11227130393187205,0.8579234878222147,0.19850527246793112,0.0060023654277515754,0.009464747228433953,0.009177344016810801
test_ORGANIZATION-POLITICAL/macro_types,ontonotes_shimaoka_kenn_adapter_bert_ms,0.8337154388427734,0.7899543444315592,0.8105288743972778,0.04097153813709783,0.02092501439836077,0.012732328516285507
test_SUBSTANCE-CHEMICAL/macro_types,ontonotes_shimaoka_kenn_adapter_bert_ms,0.34501852591832477,0.549999992052714,0.4237153132756551,0.010023566588067443,0.0433012633066704,0.01828655237439083
test_ORGANIZATION-CORPORATION/macro_types,ontonotes_shimaoka_kenn_adapter_bert_ms,0.7857877413431803,0.8464436729749044,0.814971407254537,0.008373292524097012,0.0005327439020469624,0.0042745640124655015
test_GPE/macro_types,ontonotes_shimaoka_kenn_adapter_bert_ms,0.8473963141441345,0.962615450223287,0.9011719624201456,0.025160100071792025,0.0036116533340049333,0.012885991358682134
test_WORK_OF_ART/macro_types,ontonotes_shimaoka_kenn_adapter_bert_ms,0.32724804679552716,0.7633851567904154,0.4577264090379079,0.02414940628685486,0.005982898816496188,0.023602590566467786
test_FACILITY-AIRPORT/macro_types,ontonotes_shimaoka_kenn_adapter_bert_ms,0.0,0.0,0.0,0.0,0.0,0.0
test_ANIMAL/macro_types,ontonotes_shimaoka_kenn_adapter_bert_ms,0.7763688762982687,0.684782604376475,0.7267393668492635,0.025992590780910856,0.08206342978855201,0.05787076888087816
test_FACILITY-HIGHWAY_STREET/macro_types,ontonotes_shimaoka_kenn_adapter_bert_ms,0.0,0.0,0.0,0.0,0.0,0.0
test_EVENT/macro_types,ontonotes_shimaoka_kenn_adapter_bert_ms,0.3888011972109477,0.975000023841858,0.5551512042681376,0.03910339746967954,0.0,0.040147879848408986
test_LOCATION-RIVER/macro_types,ontonotes_shimaoka_kenn_adapter_bert_ms,0.5046176215012869,0.5555555820465088,0.5238480170567831,0.08489303107028294,0.03849001565179121,0.033637303999665
test_PRODUCT/macro_types,ontonotes_shimaoka_kenn_adapter_bert_ms,0.2530253380537033,0.31606218218803406,0.2809089223543803,0.007028802264300109,0.008974348224744268,0.0012644304345806
test_ORGANIZATION-RELIGIOUS/macro_types,ontonotes_shimaoka_kenn_adapter_bert_ms,0.15319865693648657,0.2777777860562007,0.19694989919662476,0.037227855017540536,0.09622504773266743,0.0554799058664891
test_ORGANIZATION-EDUCATIONAL/macro_types,ontonotes_shimaoka_kenn_adapter_bert_ms,0.32314340273539227,0.8181818127632141,0.46198774377504986,0.046366316234920844,0.0,0.048591938436104654
test_SUBSTANCE/macro_types,ontonotes_shimaoka_kenn_adapter_bert_ms,0.8750934402147929,0.9386913975079855,0.9056396087010702,0.019687447981008233,0.007304191377855125,0.007059713669413756
test_WORK_OF_ART-PLAY/macro_types,ontonotes_shimaoka_kenn_adapter_bert_ms,0.0,0.0,0.0,0.0,0.0,0.0
test/micro,ontonotes_shimaoka_kenn_adapter_bert_ms,0.6842360297838846,0.8819923202196757,0.7706285715103149,0.0023357012699350677,0.0005454588805756229,0.0016894647125931597
test_DISEASE/macro_types,ontonotes_shimaoka_kenn_adapter_bert_ms,0.9179421663284302,0.9925925930341085,0.953786293665568,0.019773841966339377,0.01283000521726375,0.016100995954508583
test_ORGANIZATION/macro_types,ontonotes_shimaoka_kenn_adapter_bert_ms,0.8742629488309225,0.9206662972768148,0.8968604803085327,0.002805618548987081,0.0022186288252792957,0.0008313956584631539
test_GPE-CITY/macro_types,ontonotes_shimaoka_kenn_adapter_bert_ms,0.6998047629992167,0.943449854850769,0.8027377923329672,0.05089779834369529,0.00598784993680576,0.03197816439640577
test_LANGUAGE/macro_types,ontonotes_shimaoka_kenn_adapter_bert_ms,0.7936507860819498,0.3846153914928436,0.5175438721974691,0.06873215360039116,0.0,0.015193439003755735
test_FACILITY-BUILDING/macro_types,ontonotes_shimaoka_kenn_adapter_bert_ms,0.0,0.0,0.0,0.0,0.0,0.0
test_WORK_OF_ART-SONG/macro_types,ontonotes_shimaoka_kenn_adapter_bert_ms,0.1378066415588061,0.16666666915019354,0.15085470428069434,0.04330807886560744,0.05555555596947675,0.048723572213454525
test_FACILITY-BRIDGE/macro_types,ontonotes_shimaoka_kenn_adapter_bert_ms,0.0,0.0,0.0,0.0,0.0,0.0
test_LOCATION-LAKE_SEA_OCEAN/macro_types,ontonotes_shimaoka_kenn_adapter_bert_ms,0.0,0.0,0.0,0.0,0.0,0.0
test/macro_example,ontonotes_shimaoka_kenn_adapter_bert_ms,0.7477225065231323,0.8817717432975769,0.8092329502105713,0.0021828749522159545,0.0015883795931067636,0.0018622338689690575
test_ORGANIZATION-HOSPITAL/macro_types,ontonotes_shimaoka_kenn_adapter_bert_ms,0.6111111243565878,1.0,0.7555555701255798,0.09622505633585686,0.0,0.07698003130358241
test_GPE-STATE_PROVINCE/macro_types,ontonotes_shimaoka_kenn_adapter_bert_ms,0.9233428637186686,0.8266666730244955,0.8722028533617655,0.005135846162313185,0.020944190509047715,0.009971606153647294
test_CONTACT_INFO-url/macro_types,ontonotes_shimaoka_kenn_adapter_bert_ms,0.0,0.0,0.0,0.0,0.0,0.0
test/macro_types,ontonotes_shimaoka_kenn_adapter_bert_ms,0.4254694680372874,0.5383925239245096,0.4753018021583557,0.0021933706313440673,0.004565520866903369,0.0005400403515340743
test_SUBSTANCE-DRUG/macro_types,ontonotes_shimaoka_kenn_adapter_bert_ms,0.20366019010543823,0.9597701032956442,0.3356753885746002,0.018908671458674184,0.009954303119559985,0.024843514216095493
test_WORK_OF_ART-BOOK/macro_types,ontonotes_shimaoka_kenn_adapter_bert_ms,0.05623064065972964,0.44117648402849835,0.09918016940355301,0.0017915045791987091,0.1282029195554527,0.0030921978721477235
test_ORGANIZATION-GOVERNMENT/macro_types,ontonotes_shimaoka_kenn_adapter_bert_ms,0.8541271289189657,0.7447716593742371,0.795604407787323,0.00620461174757313,0.022078558920669112,0.013774935481058766
test_FACILITY-ATTRACTION/macro_types,ontonotes_shimaoka_kenn_adapter_bert_ms,0.0,0.0,0.0,0.0,0.0,0.0
test_PLANT/macro_types,ontonotes_shimaoka_kenn_adapter_bert_ms,0.10991718868414561,0.7916666666666666,0.19300984342892966,0.006143579456097599,0.07216878364870322,0.011518977831815203
test_PERSON/macro_types,ontonotes_shimaoka_kenn_adapter_bert_ms,0.6341716845830282,0.9432228207588196,0.7583496371905009,0.011015796347730885,0.009611825250012432,0.006794831357405345
test_ORGANIZATION-MUSEUM/macro_types,ontonotes_shimaoka_kenn_adapter_bert_ms,0.0,0.0,0.0,0.0,0.0,0.0
test_PRODUCT-WEAPON/macro_types,ontonotes_shimaoka_kenn_adapter_bert_ms,0.101851853231589,0.3333333432674408,0.15555556118488312,0.01603750652157967,0.0,0.019245007825895603
test_EVENT-HURRICANE/macro_types,ontonotes_shimaoka_kenn_adapter_bert_ms,0.7925926049550375,0.9583333333333334,0.8671024441719055,0.01283000521726375,0.07216878364870323,0.0377353438752981
test_EVENT-WAR/macro_types,ontonotes_shimaoka_kenn_adapter_bert_ms,0.36562203367551166,1.0,0.5326315760612488,0.07237438266961786,0.0,0.08022130012639737
